date,RPI,INDPRO,UNRATE,HOUST,PERMIT,REALLN,FFR,GS1,CPIAUCSL,PCEPI,FF4,IV1,JKSIGN,RR
tcode,4,5,1,5,5,5,1,1,5,5,1,1,1,1
1975M01,4737.819,42.6409,8.1,1032,726,130.0257,7.13,6.83,52.3,27.698,,,,-0.3687084
1975M02,4735.434,41.6602,8.1,904,729,130.6318,6.24,5.98,52.6,27.849,,,,0.2339981
1975M03,4738.979,41.2135,8.6,993,709,131.1786,5.54,6.11,52.8,27.943,,,,-0.4145509
1975M04,4744.477,41.246,8.8,1005,866,131.6391,5.49,6.9,53,28.039,,,,-0.5769329
1975M05,4773.677,41.1515,9,1121,914,131.7233,5.22,6.39,53.1,28.15,,,,0.1355233
1975M06,4856.934,41.4224,8.8,1087,946,131.8532,5.55,6.29,53.5,28.326,,,,0.182744
1975M07,4803.336,41.8234,8.6,1226,1020,131.83,6.1,7.11,54,28.569,,,,0.0453894
1975M08,4839.17,42.2573,8.4,1260,994,131.9313,6.14,7.7,54.2,28.693,,,,-0.1441198
1975M09,4850.581,42.7796,8.4,1264,1064,132.1325,6.24,7.75,54.6,28.835,,,,-0.1121478
1975M10,4873.248,42.9687,8.4,1344,1096,132.863,5.82,6.95,54.9,29.003,,,,-0.1980368
1975M11,4873.038,43.0614,8.3,1360,1110,133.3819,5.22,6.49,55.3,29.189,,,,-0.315378
1975M12,4880.208,43.5973,8.2,1321,1091,134.0939,5.2,6.6,55.6,29.35,,,,0.2369289
1976M01,4912.199,44.2288,7.9,1367,1195,135.0484,4.87,5.81,55.8,29.462,,,,-0.0995446
1976M02,4940.807,44.6725,7.7,1538,1190,136.2984,4.77,5.91,55.9,29.5,,,,-0.4622471
1976M03,4953.855,44.7125,7.6,1421,1164,137.9788,4.84,6.21,56,29.544,,,,-0.2652588
1976M04,4972.929,44.9643,7.7,1395,1132,139.8826,4.82,5.92,56.1,29.611,,,,0.1363696
1976M05,4978.637,45.1741,7.4,1459,1194,140.9549,5.29,6.4,56.4,29.752,,,,-0.2574376
1976M06,4986.058,45.183,7.6,1495,1188,141.6213,5.48,6.52,56.7,29.882,,,,-0.0270147
1976M07,5016.851,45.4535,7.8,1401,1245,142.5971,5.31,6.2,57,30.033,,,,-0.1440769
1976M08,5030.951,45.7737,7.8,1550,1309,143.755,5.29,6,57.3,30.199,,,,-0.0503726
1976M09,5035.24,45.9031,7.6,1720,1481,144.7779,5.25,5.84,57.6,30.369,,,,-0.0077816
1976M10,5033.628,45.9207,7.7,1629,1425,146.071,5.02,5.5,57.9,30.528,,,,-0.0823017
1976M11,5077.738,46.5978,7.8,1641,1531,147.2806,4.95,5.29,58.1,30.667,,,,0.0016443
1976M12,5093.252,47.0854,7.8,1804,1511,148.5136,4.65,4.89,58.4,30.839,,,,-0.1194494
1977M01,5068.733,46.8276,7.5,1527,1466,149.6394,4.61,5.29,58.7,31.017,,,,-0.1224781
1977M02,5085.115,47.5417,7.6,1943,1560,151.6731,4.68,5.47,59.3,31.26,,,,-0.1395348
1977M03,5107.63,48.131,7.4,2063,1660,153.6788,4.69,5.5,59.6,31.417,,,,-0.2478156
1977M04,5129.551,48.5838,7.2,1892,1660,156.0952,4.73,5.44,60,31.6,,,,-0.085265
1977M05,5142.384,48.9891,7,1971,1668,158.592,5.35,5.84,60.2,31.76,,,,-0.0841385
1977M06,5150.462,49.3428,7.2,1893,1752,160.6562,5.39,5.8,60.5,31.937,,,,-0.1610702
1977M07,5178.98,49.412,6.9,2058,1687,162.9974,5.42,5.94,60.8,32.103,,,,-0.2676827
1977M08,5199.209,49.4259,7,2020,1780,165.634,5.9,6.37,61.1,32.253,,,,0.0024756
1977M09,5231.769,49.6639,6.8,1949,1674,167.5557,6.14,6.53,61.3,32.374,,,,0.0441249
1977M10,5277.057,49.7592,6.8,2042,1758,170.2452,6.47,6.97,61.6,32.524,,,,-0.0372709
1977M11,5318.495,49.8117,6.8,2042,1771,172.8184,6.51,6.95,62,32.712,,,,-0.0659826
1977M12,5342.172,49.8949,6.4,2142,1754,175.0673,6.56,6.96,62.3,32.87,,,,-0.1152749
1978M01,5323.379,49.2066,6.4,1718,1740,177.7143,6.7,7.28,62.7,33.064,,,,-0.2165074
1978M02,5347.188,49.4502,6.3,1738,1736,180.32,6.78,7.34,63,33.218,,,,0.0573472
1978M03,5377.624,50.3928,6.3,2032,1799,183.0011,6.79,7.31,63.4,33.433,,,,-0.0014195
1978M04,5408.475,51.4368,6.1,2197,1948,185.8235,6.89,7.45,63.9,33.686,,,,-0.0921419
1978M05,5414.64,51.6276,6,2075,1766,188.9707,7.36,7.82,64.5,33.927,,,,-0.2391022
1978M06,5434.314,51.9833,5.9,2070,1983,192.106,7.6,8.09,65,34.149,,,,0.1988957
1978M07,5464.134,51.9592,6.2,2092,1786,195.0134,7.81,8.39,65.5,34.336,,,,-0.150788
1978M08,5488.997,52.1543,5.9,1996,1691,198.3252,8.04,8.31,65.9,34.509,,,,-0.0950329
1978M09,5496.064,52.286,6,1970,1751,201.099,8.45,8.64,66.5,34.706,,,,-0.1752538
1978M10,5516.386,52.7054,5.8,1981,1781,204.5151,8.96,9.14,67.1,34.981,,,,0.1244038
1978M11,5525.875,53.1047,5.9,2094,1795,207.5855,9.76,10.01,67.5,35.18,,,,0.1484506
1978M12,5557.191,53.3886,6,2044,1818,210.462,10.03,10.3,67.9,35.345,,,,-0.0601637
1979M01,5576.221,53.0453,5.9,1630,1461,211.9456,10.07,10.41,68.5,35.611,,,,0
1979M02,5598.263,53.3303,5.9,1520,1492,213.6288,10.06,10.24,69.2,35.802,,,,-0.1817765
1979M03,5615.462,53.4973,5.8,1847,1720,215.6358,10.09,10.25,69.9,36.081,,,,0.0737062
1979M04,5570.67,52.8938,5.8,1748,1597,218.0995,10.01,10.12,70.6,36.457,,,,-0.1019559
1979M05,5551.228,53.3187,5.6,1876,1684,220.5903,10.24,10.12,71.4,36.835,,,,0.0686255
1979M06,5548.333,53.3157,5.7,1913,1640,223.9688,10.29,9.57,72.2,37.138,,,,0
1979M07,5590.025,53.2433,5.7,1760,1534,228.0921,10.47,9.64,73,37.422,,,,0.6975303
1979M08,5598.658,52.8899,6,1778,1591,230.9436,10.94,9.98,73.7,37.708,,,,0.3598159
1979M09,5597.929,52.9486,5.9,1832,1638,233.9281,11.43,10.84,74.4,38.041,,,,-0.1433239
1979M10,5597.653,53.239,6,1681,1481,236.8872,13.77,12.44,75.2,38.351,,,,0
1979M11,5615.144,53.1918,5.9,1524,1276,239.268,13.18,12.39,76,38.617,,,,0.1038529
1979M12,5628.72,53.2603,6,1498,1254,241.6747,13.78,11.98,76.9,38.942,,,,0
1980M01,5636.095,53.5037,6.3,1341,1280,244.1149,13.82,12.06,78,39.349,,,,0.0847353
1980M02,5609.8,53.5053,6.3,1350,1199,247.048,14.13,13.92,79,39.776,,,,0.2826824
1980M03,5579.985,53.3294,6.3,1047,988,248.9923,17.19,15.82,80.1,40.264,,,,1.433455
1980M04,5573.208,52.2336,6.9,1051,808,250.6829,17.61,13.3,80.9,40.475,,,,-3.250249
1980M05,5556.087,50.9638,7.5,927,861,251.3254,10.98,9.39,81.7,40.79,,,,-0.7961999
1980M06,5569.876,50.3348,7.6,1196,1118,252.0475,9.47,8.16,82.5,41.047,,,,0
1980M07,5612.095,49.9462,7.8,1269,1259,253.6243,9.03,8.65,82.6,41.365,,,,0.4034276
1980M08,5624.241,50.1256,7.7,1436,1367,255.0428,9.61,10.24,83.2,41.711,,,,-0.0878418
1980M09,5649.242,50.9386,7.5,1471,1484,256.2875,10.87,11.52,83.9,42.096,,,,0.8627606
1980M10,5698.522,51.5813,7.5,1523,1366,258.4035,12.81,12.49,84.7,42.434,,,,1.282706
1980M11,5712.978,52.4717,7.5,1510,1383,260.6068,15.85,14.15,85.6,42.779,,,,1.875421
1980M12,5741.308,52.7685,7.2,1482,1249,262.2834,18.9,14.88,86.4,43.057,,,,-0.6443099
1981M01,5723.536,52.4668,7.5,1547,1221,263.7707,19.08,14.08,87.2,43.47,,,,0
1981M02,5708.169,52.226,7.4,1246,1199,265.1531,15.93,14.57,88,43.91,,,,-0.7453017
1981M03,5726.877,52.5025,7.4,1306,1183,266.8392,14.7,13.71,88.6,44.216,,,,0.3091551
1981M04,5716.92,52.2691,7.2,1360,1190,268.6235,15.72,14.32,89.1,44.409,,,,0
1981M05,5734.39,52.5803,7.5,1140,1173,271.2572,18.52,16.2,89.7,44.609,,,,1.508348
1981M06,5766.265,52.8284,7.5,1045,976,273.4038,19.1,14.86,90.5,44.787,,,,0
1981M07,5852.929,53.1751,7.2,1041,935,274.7618,19.04,15.72,91.5,45.057,,,,-0.6647913
1981M08,5875.57,53.1679,7.4,940,889,277.0577,17.82,16.72,92.2,45.338,,,,-0.0802236
1981M09,5867.422,52.8514,7.6,911,847,278.7288,15.87,16.52,93.1,45.613,,,,0
1981M10,5845.921,52.4949,7.9,873,731,280.1515,15.08,15.38,93.4,45.82,,,,-0.546217
1981M11,5853.283,51.894,8.3,837,748,281.6173,13.31,12.41,93.8,46.065,,,,-0.4094439
1981M12,5849.794,51.3274,8.5,910,796,283.5867,12.37,12.85,94.1,46.208,,,,0.1070532
1982M01,5836.665,50.3043,8.6,843,794,285.4002,13.22,14.32,94.4,46.483,,,,0
1982M02,5861.377,51.3016,8.9,866,808,287.5623,14.78,14.73,94.7,46.622,,,,1.014477
1982M03,5857.186,50.9104,9,931,891,290.207,14.68,13.95,94.7,46.742,,,,-0.4120262
1982M04,5897.586,50.4627,9.3,917,888,291.8256,14.94,13.98,95,46.766,,,,0
1982M05,5897.009,50.138,9.4,1025,953,293.82,14.45,13.34,95.9,47.043,,,,-0.097881
1982M06,5876.773,49.9692,9.6,902,913,295.6466,14.15,14.07,97,47.384,,,,0
1982M07,5876.687,49.8138,9.8,1166,1044,295.9582,12.59,13.24,97.5,47.665,,,,-0.1981146
1982M08,5887.554,49.3773,9.8,1046,926,297.0876,10.12,11.43,97.7,47.813,,,,-0.2438593
1982M09,5884.253,49.226,10.1,1144,1042,297.9524,10.31,10.85,97.7,47.946,,,,0
1982M10,5879.71,48.7874,10.4,1173,1149,298.668,9.71,9.32,98.1,48.215,,,,-0.2593523
1982M11,5901.59,48.592,10.8,1372,1229,299.2424,9.2,9.16,98,48.359,,,,0.0899754
1982M12,5931.099,48.2424,10.8,1303,1351,299.653,8.95,8.91,97.7,48.432,,,,0.6315141
1983M01,5923.289,49.1762,10.4,1586,1426,302.0905,8.68,8.62,97.9,48.659,,,,0
1983M02,5926.834,48.8688,10.4,1699,1471,303.1623,8.51,8.92,98,48.741,,,,0.2108304
1983M03,5954.811,49.2654,10.3,1606,1475,304.3282,8.77,9.04,98.1,48.804,,,,0.1374193
1983M04,5959.171,49.8675,10.2,1472,1566,306.2567,8.8,8.98,98.8,49.027,,,,0
1983M05,5989.507,50.2084,10.1,1776,1669,308.3139,8.63,8.9,99.2,49.166,,,,-0.0386531
1983M06,5997.726,50.5089,10.1,1733,1769,310.8249,8.98,9.66,99.4,49.349,,,,0
1983M07,6014.919,51.2733,9.4,1785,1795,314.1926,9.37,10.2,99.8,49.627,,,,0.0319688
1983M08,6006.539,51.8454,9.5,1910,1713,317.2201,9.56,10.53,100.1,49.84,,,,-0.2393029
1983M09,6048.055,52.6303,9.2,1710,1585,320.6919,9.45,10.16,100.4,50.014,,,,0
1983M10,6106.583,53.0679,8.8,1715,1716,324.0551,9.48,9.81,100.8,50.099,,,,0.2252154
1983M11,6155.976,53.2534,8.5,1785,1668,327.3763,9.34,9.94,101.1,50.17,,,,-0.1489062
1983M12,6211.241,53.5343,8.3,1688,1627,330.3526,9.47,10.11,101.4,50.198,,,,0.1864091
1984M01,6233.483,54.6008,8,1897,1816,333.7075,9.56,9.9,102.1,50.416,,,,0.2166587
1984M02,6269.564,54.835,7.8,2260,1987,337.6043,9.59,10.04,102.6,50.755,,,,0
1984M03,6307.802,55.1052,7.8,1663,1725,342.0163,9.91,10.59,102.9,50.922,,,,-0.0782931
1984M04,6348.649,55.4514,7.7,1851,1776,346.1789,10.29,10.9,103.3,51.115,,,,0
1984M05,6362.997,55.7141,7.4,1774,1741,349.7492,10.32,11.66,103.5,51.18,,,,0.1263111
1984M06,6410.838,55.9085,7.2,1843,1814,353.7386,11.06,12.08,103.7,51.271,,,,0
1984M07,6425.319,56.0842,7.5,1732,1605,357.1593,11.23,12.03,104.1,51.455,,,,0.3350084
1984M08,6467.299,56.1376,7.5,1586,1530,360.6726,11.64,11.82,104.4,51.613,,,,-0.0653747
1984M09,6516.671,56.0382,7.3,1698,1523,364.7314,11.3,11.58,104.7,51.683,,,,0
1984M10,6497.46,55.9459,7.4,1590,1490,367.6312,9.99,10.9,105.1,51.805,,,,-0.0103411
1984M11,6531.463,56.1667,7.2,1689,1643,372.3966,9.43,9.82,105.3,51.877,,,,-0.5609847
1984M12,6575.394,56.2296,7.3,1612,1626,376.2431,8.38,9.33,105.5,52.023,,,,-0.170801
1985M01,6567.925,56.1398,7.3,1711,1660,379.0098,8.35,9.02,105.7,52.283,,,,0
1985M02,6572.359,56.3323,7.2,1632,1662,383.1147,8.5,9.29,106.3,52.527,,,,-0.1213873
1985M03,6599.497,56.4232,7.2,1800,1727,387.1986,8.58,9.86,106.8,52.732,,,,0.2077607
1985M04,6586.311,56.2693,7.3,1821,1664,390.5745,8.27,9.14,107,52.808,,,,0
1985M05,6599.63,56.3488,7.2,1680,1709,394.3952,7.97,8.46,107.2,52.934,,,,-0.1464615
1985M06,6622.233,56.3901,7.4,1676,1716,397.606,7.53,7.8,107.5,53.078,,,,0
1985M07,6631.242,56.0234,7.4,1684,1697,401.1045,7.88,7.86,107.7,53.208,,,,0.064076
1985M08,6630.286,56.2555,7.1,1743,1808,405.2303,7.9,8.05,107.9,53.384,,,,0.1866845
1985M09,6659.992,56.4983,7.1,1676,1916,409.7896,7.92,8.07,108.1,53.474,,,,0
1985M10,6691.188,56.2648,7.1,1834,1743,414.368,7.99,8.01,108.5,53.563,,,,0.1063961
1985M11,6700.594,56.4549,7,1698,1692,418.6507,8.05,7.88,109,53.719,,,,0.0195127
1985M12,6740.49,57.0458,7,1942,1794,422.8854,8.27,7.67,109.5,53.9,,,,-0.0526709
1986M01,6735.168,57.3104,6.7,1972,1847,427.4301,8.14,7.73,109.9,54.148,,,,0
1986M02,6767.923,56.9344,7.2,1848,1767,432.0814,7.86,7.61,109.7,54.148,,,,-0.094937
1986M03,6831.861,56.542,7.2,1876,1780,437.0637,7.48,7.03,109.1,54.029,,,,0
1986M04,6855.019,56.5599,7.1,1933,1858,441.9374,6.99,6.44,108.7,53.918,,,,0.1915616
1986M05,6863.293,56.6823,7.2,1854,1797,446.6982,6.85,6.65,109,54.017,,,,0.0854616
1986M06,6866.522,56.4976,7.2,1847,1790,451.22,6.92,6.73,109.4,54.218,,,,0
1986M07,6900.787,56.814,7,1782,1780,457.1135,6.56,6.27,109.5,54.231,,,,-0.1862836
1986M08,6917.138,56.7381,6.9,1807,1726,463.3336,6.17,5.93,109.6,54.3,,,,-0.2269864
1986M09,6925.916,56.8532,7,1687,1686,469.3503,5.89,5.77,110,54.477,,,,0.0229667
1986M10,6930.322,57.1191,7,1681,1675,473.918,5.85,5.72,110.2,54.575,,,,0
1986M11,6944.51,57.3792,6.9,1623,1644,479.2597,6.04,5.8,110.4,54.673,,,,0.0324334
1986M12,6973.004,57.8623,6.6,1833,1903,490.7558,6.91,5.87,110.8,54.746,,,,-0.0472494
1987M01,6965.987,57.685,6.6,1774,1690,502.8937,6.43,5.78,111.4,55.002,,,,0
1987M02,6989.925,58.4399,6.6,1784,1689,508.4483,6.1,5.96,111.8,55.195,,,,0.1971277
1987M03,7008.271,58.516,6.6,1726,1704,516.5616,6.13,6.03,112.2,55.341,,,,0.2403089
1987M04,7005.053,58.8851,6.3,1614,1601,524.8636,6.37,6.5,112.7,55.547,,,,0
1987M05,7048.201,59.2653,6.3,1628,1500,532.1439,6.85,7,113,55.688,,,,0.2612897
1987M06,7042.092,59.5409,6.2,1594,1522,541.6776,6.73,6.8,113.5,55.899,,,,0
1987M07,7065.999,59.9536,6.1,1575,1516,549.4301,6.58,6.68,113.8,56.028,,,,-0.032253
1987M08,7102.523,60.4517,6,1605,1511,556.2821,6.73,7.03,114.3,56.25,,,,-0.0093601
1987M09,7107.727,60.6069,5.9,1695,1514,563.2041,7.22,7.67,114.7,56.439,,,,-0.1332063
1987M10,7152.872,61.491,6,1515,1447,570.7404,7.29,7.59,115,56.618,,,,0
1987M11,7185.025,61.8137,5.8,1656,1457,577.6836,6.69,6.96,115.4,56.726,,,,-0.0596477
1987M12,7262.656,62.119,5.7,1400,1345,585.6743,6.77,7.17,115.6,56.831,,,,-0.1259441
1988M01,7252.378,62.1469,5.7,1271,1244,591.5868,6.83,6.99,116,57.051,,,,0
1988M02,7281.472,62.4169,5.7,1473,1438,595.8678,6.58,6.64,116.2,57.135,,,,-0.1739662
1988M03,7297.694,62.5418,5.7,1532,1525,601.4299,6.58,6.71,116.5,57.332,,,,0.0863419
1988M04,7314.261,62.8959,5.4,1573,1429,608.9161,6.87,7.01,117.2,57.611,,,,0
1988M05,7319.677,62.8223,5.6,1421,1444,616.1817,7.09,7.4,117.5,57.778,,,,0.2279987
1988M06,7344.271,62.9823,5.4,1478,1485,622.7325,7.51,7.49,118,58.024,,,,0.3521378
1988M07,7376.198,63.0093,5.4,1467,1439,629.8717,7.75,7.75,118.5,58.306,,,,0
1988M08,7394.88,63.2723,5.6,1493,1460,637.3232,8.01,8.17,119,58.479,,,,-0.1620613
1988M09,7408.742,63.099,5.4,1492,1436,644.2584,8.19,8.09,119.5,58.764,,,,-0.0483951
1988M10,7449.552,63.4122,5.4,1522,1516,651.4062,8.3,8.11,119.9,58.956,,,,0
1988M11,7452.039,63.5128,5.3,1569,1508,656.8937,8.35,8.48,120.3,59.092,,,,-0.0303479
1988M12,7490.593,63.8233,5.3,1563,1501,663.0226,8.76,8.99,120.7,59.277,,,,0.4416863
1989M01,7559.707,64.0153,5.4,1621,1466,676.4544,9.12,9.05,121.2,59.581,,,,0
1989M02,7583.21,63.7242,5.2,1425,1383,682.984,9.36,9.25,121.6,59.779,,,,0.2700066
1989M03,7623.713,63.8691,5,1422,1214,688.8972,9.85,9.57,122.2,60.002,,,,0.0522098
1989M04,7594.273,63.9124,5.2,1339,1376,698.1922,9.84,9.36,123.1,60.402,,,,0
1989M05,7562.039,63.4884,5.2,1331,1381,704.2601,9.81,8.98,123.7,60.622,,,,0.1402752
1989M06,7583.45,63.5187,5.3,1397,1322,711.8561,9.53,8.44,124.1,60.755,,,,0
1989M07,7608.65,62.9354,5.2,1427,1283,720.4733,9.24,7.89,124.5,60.9,,,,0.0590455
1989M08,7625.311,63.5168,5.2,1332,1334,730.5088,8.99,8.18,124.5,60.907,,,,-0.1225097
1989M09,7646.235,63.2954,5.3,1279,1314,739.1923,9.02,8.22,124.8,61.043,,,,0
1989M10,7682.729,63.2542,5.3,1410,1365,745.1655,8.84,7.99,125.4,61.281,,,,-0.062635
1989M11,7690.03,63.4616,5.4,1351,1344,752.7041,8.55,7.77,125.9,61.415,,,,0.1344756
1989M12,7695.823,63.8467,5.4,1251,1422,759.8651,8.45,7.72,126.3,61.593,,,,-0.0511646
1990M01,7714.708,63.4228,5.4,1551,1748,765.814,8.23,7.92,127.5,62.06,,,,0
1990M02,7737.874,64.0446,5.3,1437,1329,774.696,8.24,8.11,128,62.333,-0.02,,-0.000904511,0.3175005
1990M03,7744.508,64.358,5.2,1289,1246,781.6499,8.28,8.35,128.6,62.568,-0.02,,-0.000567742,-0.070355
1990M04,7792.984,64.2602,5.4,1248,1136,788.7107,8.26,8.4,128.9,62.699,0,,0,0
1990M05,7783.59,64.3973,5.4,1212,1067,797.8391,8.18,8.32,129.1,62.84,0,,-0.002014064,0.0411603
1990M06,7795.41,64.6041,5.2,1177,1108,805.6069,8.29,8.1,129.9,63.118,0,,0,0
1990M07,7820.767,64.5205,5.5,1171,1078,814.2893,8.15,7.94,130.5,63.274,-0.05,,-0.051017404,-0.0973543
1990M08,7770.679,64.7326,5.7,1115,1069,819.265,8.13,7.78,131.6,63.695,0,,-0.015929114,0.1683711
1990M09,7766.891,64.8145,5.9,1110,976,823.2707,8.2,7.76,132.5,64.086,0,,0,0
1990M10,7702.65,64.3274,5.9,1014,925,829.0863,8.11,7.55,133.4,64.453,-0.015,,0.020021871,-0.0942083
1990M11,7702.451,63.5753,6.2,1145,941,834.3184,7.81,7.31,133.7,64.534,0.01,,0.005513614,0.053755
1990M12,7741.156,63.1594,6.3,969,861,841.6615,7.31,7.05,134.2,64.595,-0.095,,-0.14156307,-0.0827227
1991M01,7689.389,62.8852,6.4,798,786,846.5839,6.91,6.64,134.7,64.84,-0.1,-0.0325534,-0.078280948,0
1991M02,7694.577,62.4462,6.6,965,853,851.7768,6.25,6.27,134.8,64.873,-0.105,-0.084809,-0.082979023,-0.2267741
1991M03,7705.536,62.119,6.8,921,911,857.3474,6.12,6.4,134.8,64.887,-0.03,0.0175171,-0.059312541,0.2594308
1991M04,7734.962,62.2415,6.7,1001,916,860.6056,5.91,6.24,135.1,65.004,-0.19,-0.1287668,-0.14641757,0
1991M05,7735.915,62.8646,6.9,996,991,862.4422,5.78,6.13,135.6,65.274,-0.02,0.0664314,0.003076131,0.2320168
1991M06,7776.67,63.4372,6.9,1036,964,865.8856,5.9,6.36,136,65.384,0,0,0,0
1991M07,7759.145,63.5128,6.8,1063,973,864.5003,5.82,6.31,136.2,65.487,0.01,0.0837229,0.006600335,-0.0594382
1991M08,7774.596,63.5671,6.9,1049,944,863.7371,5.66,5.78,136.6,65.639,-0.04,0.0543584,-0.073642507,0.1195838
1991M09,7798.972,64.133,6.9,1015,974,864.3671,5.45,5.57,137,65.865,0,0.0059631,0.00253641,0
1991M10,7809.593,64.0213,7,1079,991,865.7439,5.21,5.33,137.2,65.989,-0.02,0.0185835,-0.018872343,-0.0072307
1991M11,7823.205,63.948,7,1103,984,867.1105,4.81,4.89,137.8,66.133,-0.12,-0.056155,-0.059999999,0
1991M12,7889.813,63.6937,7.3,1079,1061,868.107,4.43,4.38,138.2,66.299,-0.08333,-0.0482108,-0.12600867,0
1992M01,7929.293,63.3374,7.3,1176,1077,870.9949,4.03,4.15,138.3,66.389,0,0,0,0
1992M02,7968.831,63.7911,7.4,1250,1146,873.3952,4.06,4.29,138.6,66.557,0,0.0231061,-0.001977494,0.0497054
1992M03,7982.053,64.3212,7.4,1297,1082,874.6804,3.98,4.63,139.1,66.718,0,0,0,-0.0609602
1992M04,8011.806,64.8088,7.4,1099,1054,881.1479,3.73,4.3,139.4,66.899,-0.1,-0.1587459,-0.13654406,0
1992M05,8054.634,65.0202,7.6,1214,1056,881.7668,3.82,4.19,139.7,66.987,0.00999,0.0203803,0.008663434,0.1565276
1992M06,8088.22,65.0295,7.8,1145,1057,879.3979,3.76,4.17,140.1,67.107,0,0,0,0
1992M07,8081.832,65.6172,7.7,1139,1089,878.6167,3.25,3.6,140.5,67.328,-0.3,-0.2210042,-0.1530402,-0.0457016
1992M08,8113.146,65.2943,7.6,1226,1075,880.2234,3.3,3.47,140.8,67.418,0.01,-0.0232709,0.003571598,0.0116073
1992M09,8082.188,65.446,7.6,1186,1114,882.9365,3.22,3.18,141.1,67.528,0.01,-0.0271099,0.005130996,0
1992M10,8042.434,65.9369,7.3,1244,1132,885.7635,3.1,3.3,141.7,67.767,0.01,0.0724546,0.014895111,-0.1153874
1992M11,8060.003,66.2174,7.4,1214,1118,887.0546,3.09,3.68,142.1,67.9,0,0.0486496,-0.015198812,0.0327609
1992M12,8353.812,66.2772,7.4,1227,1176,887.7977,2.92,3.71,142.3,68.018,-0.01,-0.0077253,0.00057388,-0.1789933
1993M01,8123.84,66.5643,7.3,1210,1177,886.115,3.02,3.5,142.8,68.184,0,0,0,0
1993M02,8161.16,66.8594,7.1,1210,1148,886.9192,3.03,3.39,143.1,68.287,-0.02,0.0011683,-0.006591375,0.035227
1993M03,8139.883,66.7658,7,1083,1056,889.8355,3.07,3.33,143.3,68.427,0,-0.0075519,0.005089195,-0.0385323
1993M04,8201.128,67,7.1,1258,1104,892.708,2.96,3.24,143.8,68.609,0,0,0,0
1993M05,8199.31,66.7674,7.1,1260,1112,898.1588,3,3.36,144.2,68.821,-0.02,0.0143582,-0.018709596,0.3306535
1993M06,8189.231,66.8781,7,1280,1130,902.3473,3.04,3.54,144.3,68.845,0,0,0,0
1993M07,8215.953,67.0845,6.9,1254,1174,904.4364,3.06,3.47,144.5,68.954,0,0.0142984,-0.015828684,0.0352706
1993M08,8233.74,67.014,6.8,1300,1230,907.2928,3.03,3.44,144.8,69.072,0.01,0.0287205,0.011450462,0.0682457
1993M09,8215.244,67.3345,6.7,1343,1251,910.6877,3.09,3.36,145,69.144,0.01,0.0546538,0.005,0.1846016
1993M10,8180.638,67.8515,6.8,1392,1287,914.8441,2.99,3.39,145.6,69.362,0,0,0,0
1993M11,8201.697,68.1326,6.6,1376,1357,919.209,3.02,3.58,146,69.493,0,-0.000067,-0.002226386,-0.0450063
1993M12,8486.846,68.5054,6.5,1533,1461,928.6272,2.96,3.61,146.3,69.509,-0.01,-0.0259071,-0.006056156,-0.1333112
1994M01,8319.25,68.7648,6.6,1272,1390,929.5279,3.05,3.54,146.3,69.532,0,0,0,0
1994M02,8327.607,68.7836,6.6,1337,1269,929.555,3.25,3.87,146.7,69.693,0,-0.017575,0.036016259,0.2618445
1994M03,8350.104,69.4766,6.5,1564,1342,931.862,3.34,4.32,147.1,69.885,0,-0.0286798,-0.016420349,0.3355493
1994M04,8427.917,69.8703,6.4,1465,1392,935.517,3.56,4.82,147.2,69.968,0.12,0.1354298,0.09705659,0
1994M05,8445.254,70.2281,6.1,1526,1396,939.7733,4.01,5.31,147.5,70.069,0.05,0.0562643,-0.004560886,0.321621
1994M06,8433.621,70.6763,6.1,1409,1357,944.6658,4.25,5.27,147.9,70.241,0,0,0,0
1994M07,8447.963,70.7846,6.1,1439,1335,951.4208,4.26,5.48,148.4,70.462,0,-0.0023166,0.010016282,0.0799912
1994M08,8460.183,71.2053,6,1450,1377,957.4936,4.47,5.56,149,70.623,0,0.0083418,-0.013927059,0.4314457
1994M09,8497.133,71.4767,5.9,1474,1412,965.1195,4.73,5.76,149.3,70.702,-0.03,-0.0282588,-0.004355483,0.06949
1994M10,8572.993,72.082,5.8,1450,1397,971.2543,4.76,6.11,149.4,70.822,0,0,0,0
1994M11,8571.113,72.5263,5.6,1511,1340,977.7954,5.29,6.54,149.8,70.957,0.08,0.073367,0.070051573,0.6061283
1994M12,8611.909,73.2879,5.5,1455,1396,987.8233,5.45,7.14,150.1,71.003,-0.05,-0.0389625,-0.027505299,-0.2163531
1995M01,8651.996,73.4219,5.6,1407,1282,996.8198,5.53,7.05,150.5,71.146,0,0,0,0
1995M02,8671.612,73.3025,5.4,1316,1254,1006.1718,5.92,6.7,150.9,71.272,0,-0.0274844,0.011440318,0.5159812
1995M03,8693.677,73.4081,5.4,1249,1226,1013.5676,5.98,6.43,151.2,71.404,0.02,0.0226904,0.017809,0.2422047
1995M04,8703.876,73.3612,5.8,1267,1259,1019.8388,6.05,6.27,151.8,71.592,0,0,0,0
1995M05,8710.753,73.6104,5.6,1314,1271,1027.7641,6.01,6,152.1,71.702,0,0.0170416,0.000934984,0.2246379
1995M06,8743.084,73.8602,5.6,1281,1305,1035.1225,6,5.64,152.4,71.772,0,0,0,0
1995M07,8772.742,73.5664,5.7,1461,1354,1044.483,5.85,5.59,152.6,71.862,-0.15,-0.0934057,-0.091959074,0.0193463
1995M08,8785.756,74.495,5.7,1416,1386,1049.267,5.74,5.75,152.9,72.017,0,0.007725,0.009278338,-0.0490342
1995M09,8820.029,74.7937,5.6,1369,1421,1054.819,5.8,5.62,153.1,72.066,0.03,0.003399,0.024550155,0.0613979
1995M10,8833.266,74.7017,5.5,1369,1400,1057.2367,5.76,5.59,153.5,72.253,0,0,0,0
1995M11,8862.356,74.8897,5.6,1452,1430,1060.8235,5.8,5.43,153.7,72.251,0,0.0297003,0.003334394,0.1075207
1995M12,8878.83,75.1755,5.6,1431,1442,1062.062,5.6,5.31,153.9,72.39,-0.05,-0.0393145,-0.039410107,-0.1249469
1996M01,8909.327,74.6841,5.6,1467,1387,1068.2821,5.56,5.09,154.7,72.551,-0.02,0.0025242,-0.012765653,0.073092
1996M02,8983.863,75.8344,5.5,1491,1420,1071.5289,5.22,4.94,155,72.665,0,0,0,0
1996M03,9015.588,75.7631,5.5,1424,1437,1077.4281,5.31,5.34,155.5,72.884,0.00999,-0.0002516,-0.006595417,0.065497
1996M04,9039.466,76.4562,5.6,1516,1463,1079.3052,5.22,5.54,156.1,73.103,0,0,0,0
1996M05,9078.928,77.0161,5.6,1504,1457,1081.6263,5.24,5.64,156.4,73.229,0,0.0182615,0.011730692,0.0063028
1996M06,9139.896,77.6669,5.3,1467,1429,1084.7909,5.27,5.81,156.7,73.228,0,0,0,0
1996M07,9122.011,77.5662,5.5,1472,1450,1080.6909,5.4,5.85,157,73.383,-0.03,-0.0007187,-0.022565566,-0.0105403
1996M08,9152.051,78.016,5.1,1557,1413,1089.191,5.22,5.67,157.2,73.453,0,0.0184652,0.007860307,-0.0238854
1996M09,9178.729,78.5532,5.2,1475,1392,1096.2969,5.3,5.83,157.7,73.66,-0.13,-0.1128021,-0.065396808,0.0137985
1996M10,9180.669,78.5065,5.2,1392,1358,1104.9508,5.24,5.55,158.2,73.883,0,0,0,0
1996M11,9210.611,79.1996,5.4,1489,1412,1112.1368,5.31,5.42,158.7,74.015,-0.01,0.0017137,-0.019061876,0.0730004
1996M12,9247.15,79.7143,5.4,1370,1411,1122.9661,5.29,5.47,159.1,74.1,-0.01,0.0243609,-0.000857797,0.0161422
1997M01,9301.336,79.8273,5.3,1355,1382,1129.91,5.25,5.61,159.4,74.196,0,0,0,0
1997M02,9331.37,80.793,5.2,1486,1445,1135.1166,5.19,5.53,159.7,74.352,0,0.0096889,0.018343262,0.0197767
1997M03,9376.25,81.334,5.2,1457,1436,1147.7915,5.39,5.8,159.8,74.43,0.04,0.0578045,0.056324646,0.102688
1997M04,9384.101,81.3531,5.1,1492,1421,1160.628,5.51,5.99,159.9,74.503,0,0,0,0
1997M05,9427.274,81.8293,4.9,1442,1414,1172.0202,5.5,5.87,159.9,74.469,-0.09,-0.0246317,-0.075065218,0.0984425
1997M06,9461.469,82.2285,5,1494,1402,1183.6129,5.56,5.69,160.2,74.565,0,0,0,0
1997M07,9503.694,82.8557,4.9,1437,1440,1190.4641,5.52,5.54,160.4,74.609,-0.02,-0.0014712,-0.020499876,-0.0493818
1997M08,9559.803,83.7214,4.8,1390,1449,1196.3854,5.54,5.56,160.8,74.669,0.01,0.0144067,0.028350584,0.1114467
1997M09,9588.741,84.4651,4.9,1546,1494,1208.4143,5.54,5.52,161.2,74.849,0,0.0126804,0.01126784,-0.1585259
1997M10,9639.34,85.1918,4.7,1520,1499,1214.9994,5.5,5.46,161.5,74.946,0,0,0,0
1997M11,9707.944,85.9397,4.6,1510,1469,1219.4696,5.52,5.46,161.7,74.95,0,0.010747,0.030136723,-0.0720625
1997M12,9766.745,86.2047,4.7,1566,1456,1220.6023,5.5,5.53,161.8,74.934,-0.01,0.0028737,0.002089067,0.0043289
1998M01,9854.038,86.6474,4.6,1525,1555,1224.3827,5.56,5.24,162,74.971,0,0,0,0
1998M02,9921.725,86.7612,4.6,1584,1647,1237.6378,5.51,5.31,162,74.932,0,0.0192398,0.018404938,-0.0247867
1998M03,9982.682,86.8198,4.7,1567,1605,1252.3856,5.49,5.39,162,74.944,0,-0.0086875,0.000986837,-0.026396
1998M04,10019.79,87.1411,4.3,1540,1547,1258.985,5.45,5.38,162.2,75.037,0,0,0,0
1998M05,10065.956,87.6952,4.4,1536,1554,1259.7427,5.49,5.44,162.6,75.14,-0.01,0.0104542,0.00137896,-0.0667749
1998M06,10124.417,87.145,4.5,1641,1551,1261.001,5.56,5.41,162.8,75.076,0,0,0,0
1998M07,10143.124,86.8423,4.5,1698,1610,1265.5721,5.54,5.36,163.2,75.262,0.00999,0.0101124,0.000212008,0.0328574
1998M08,10182.172,88.6247,4.5,1614,1654,1271.9233,5.55,5.21,163.4,75.366,0.01,-0.0005511,-0.003977047,0.099412
1998M09,10218.25,88.4515,4.6,1582,1577,1275.2995,5.51,4.71,163.5,75.322,0.07,0.0446023,0.076035045,-0.2392213
1998M10,10238.215,89.1677,4.5,1715,1719,1283.9146,5.07,4.12,163.9,75.487,-0.25,-0.2221654,-0.23648961,0
1998M11,10288.061,89.1098,4.4,1660,1672,1302.7216,4.83,4.53,164.1,75.491,0,0.0062076,-0.044317041,-0.1402164
1998M12,10313.403,89.4407,4.4,1792,1742,1311.2516,4.68,4.52,164.4,75.567,0,-0.0409072,0.007246262,-0.1692948
1999M01,10336.984,89.8594,4.3,1748,1732,1317.3729,4.63,4.51,164.7,75.705,0,0,0,0
1999M02,10378.712,90.3386,4.4,1670,1720,1320.2006,4.76,4.7,164.7,75.687,0,0.0216142,-0.008175788,-0.1098352
1999M03,10392.244,90.4819,4.2,1710,1665,1326.2467,4.81,4.78,164.8,75.746,-0.02,-0.0567597,0.001266748,-0.1577544
1999M04,10374.573,90.7274,4.3,1553,1600,1332.0198,4.74,4.69,165.9,76.096,0,0,0,0
1999M05,10400.076,91.352,4.2,1611,1640,1341.0077,4.74,4.85,166,76.134,0.04,0.0586694,0.098356903,-0.1119022
1999M06,10438.054,91.1994,4.3,1559,1702,1347.1055,4.76,5.1,166,76.15,-0.07,-0.0628007,-0.12282518,0.2586787
1999M07,10457.086,91.7766,4.3,1669,1682,1354.3601,4.99,5.03,166.7,76.352,0,0,0,0
1999M08,10507.628,92.1629,4.2,1648,1671,1369.9674,5.07,5.2,167.1,76.486,0.015,-0.0071916,-0.023765473,0.2406204
1999M09,10508.036,91.774,4.2,1635,1551,1388.973,5.22,5.25,167.8,76.754,0,0,0,0
1999M10,10578.269,92.9979,4.1,1608,1649,1411.6174,5.2,5.43,168.1,76.876,0.04,0.0404586,0.065263487,-0.0968276
1999M11,10657.501,93.4371,4.1,1648,1672,1424.9536,5.42,5.55,168.4,76.943,0.06001,0.0836243,0.052799944,0.2367022
1999M12,10747.926,94.1593,4,1708,1683,1460.146,5.3,5.84,168.8,77.128,-0.005,0.0036856,-0.028547464,-0.1819012
2000M01,10855.813,94.1758,4,1636,1727,1480.8423,5.45,6.12,169.3,77.348,0,0,0,0
2000M02,10899.897,94.4557,4.1,1737,1692,1491.6869,5.73,6.22,170,77.597,0.005,-0.0038284,0.024883943,0.0451387
2000M03,10929.236,94.798,4,1604,1651,1517.7247,5.85,6.22,171,77.928,-0.00999,-0.0235319,-0.008333215,-0.0395461
2000M04,10984.37,95.4808,3.8,1626,1597,1541.1712,6.02,6.15,170.9,77.851,0,0,0,0
2000M05,11021.996,95.6435,4,1575,1543,1565.0073,6.27,6.33,171.2,77.906,0.07,0.0419426,0.064768843,0.3120931
2000M06,11050.319,95.7353,4,1559,1572,1585.2526,6.53,6.17,172.2,78.161,-0.01501,0.000849,-0.021315254,0.0429409
2000M07,11105.581,95.5906,4,1463,1542,1600.5999,6.54,6.08,172.7,78.349,0,0,0,0
2000M08,11159.103,95.3112,4.1,1541,1552,1613.6548,6.5,6.18,172.7,78.34,0.005,0.0153606,0.009388752,-0.067215
2000M09,11159.329,95.679,3.9,1507,1570,1624.7546,6.52,6.13,173.6,78.676,0,0,0,0
2000M10,11173.664,95.397,3.9,1549,1577,1625.2605,6.51,6.01,173.9,78.787,0.025,0.0476565,0.029019687,-0.0296777
2000M11,11172.874,95.4229,3.9,1551,1614,1635.0303,6.51,6.09,174.2,78.888,0,0.0256687,0.036434356,0.02463
2000M12,11195.938,95.1573,3.9,1532,1543,1638.5653,6.4,5.6,174.6,78.991,-0.005,0.0398983,0.035223573,0.2034924
2001M01,11276.396,94.5448,4.2,1600,1699,1641.4244,5.98,4.81,175.6,79.348,-0.06,-0.0600099,-0.24841693,0.050705
2001M02,11308.803,93.9398,4.2,1625,1656,1654.8584,5.49,4.68,176,79.458,0,0,0,0
2001M03,11349.539,93.7201,4.3,1590,1659,1668.2804,5.31,4.3,176.1,79.462,-0.075,-0.0739878,-0.000407389,-0.4865983
2001M04,11322.69,93.4469,4.4,1649,1666,1682.4821,4.8,3.98,176.4,79.605,-0.37,-0.3207542,-0.30669311,0
2001M05,11290.341,92.876,4.3,1605,1665,1695.2803,4.21,3.78,177.3,79.818,-0.14,-0.0956462,-0.092314079,-0.4085865
2001M06,11274.818,92.3208,4.5,1636,1626,1699.9143,3.97,3.58,177.7,79.962,0.075,0.0370556,0.059506785,-0.1366324
2001M07,11273.766,91.7933,4.6,1670,1598,1702.5839,3.77,3.62,177.4,79.935,0,0,0,0
2001M08,11263.875,91.6795,4.9,1567,1615,1703.8551,3.65,3.47,177.4,79.929,-0.02,0.0143411,0.028874703,-0.1275515
2001M09,11282.01,91.3289,5,1562,1565,1714.4058,3.07,2.82,178.1,79.663,-0.045,-0.0383557,0,0
2001M10,11278.262,90.9315,5.3,1540,1566,1717.3344,2.49,2.33,177.6,79.952,-0.04,-0.0135036,-0.003230328,-0.1600074
2001M11,11293.592,90.486,5.5,1602,1651,1739.339,2.09,2.18,177.5,79.903,-0.14,-0.0149955,-0.12132697,-0.1716333
2001M12,11314.301,90.5073,5.7,1568,1680,1757.7324,1.82,2.22,177.4,79.819,-0.03,0.0347606,-0.027401501,-0.2269373
2002M01,11325.709,91.0794,5.7,1698,1665,1755.4004,1.73,2.16,177.7,79.879,0.02,-0.0039975,0.016959708,-0.1540111
2002M02,11319.255,91.0553,5.7,1829,1787,1766.6858,1.74,2.23,178,80.011,0,0,0,0
2002M03,11304.44,91.798,5.7,1642,1691,1771.5329,1.73,2.57,178.5,80.233,-0.045,-0.0564287,-0.001611049,-0.3577066
2002M04,11320.618,92.1771,5.9,1592,1669,1782.149,1.75,2.48,179.3,80.58,0,0,0,0
2002M05,11345.334,92.5668,5.8,1764,1716,1790.7942,1.75,2.35,179.5,80.637,-0.02,0.0159395,0.010387345,0.1783551
2002M06,11365.35,93.4476,5.8,1717,1758,1817.0294,1.75,2.2,179.6,80.735,-0.01,0.0094673,0.028010448,0.0389534
2002M07,11325.366,93.2237,5.8,1655,1738,1837.0992,1.73,1.96,180,80.897,0,0,0,0
2002M08,11317.208,93.2359,5.7,1633,1695,1866.9286,1.74,1.76,180.5,81.048,-0.04,-0.0491267,0.018076718,0.1703264
2002M09,11317.786,93.3654,5.7,1804,1803,1901.8757,1.75,1.72,180.8,81.191,-0.005,-0.0177312,0.049740117,-0.0446106
2002M10,11338.134,93.0834,5.7,1648,1799,1946.9936,1.75,1.65,181.2,81.342,0,0,0,0
2002M11,11365.197,93.5693,5.9,1753,1771,1980.6679,1.34,1.49,181.5,81.423,-0.085,-0.0440101,0.008038806,-0.2700224
2002M12,11396.951,93.1103,6,1788,1896,2009.7069,1.24,1.45,181.8,81.494,0.01,0.0249215,0.023454608,0.0042556
2003M01,11374.851,93.8198,5.8,1853,1808,2033.7543,1.24,1.36,182.6,81.716,0.03,0.0267474,0.005975467,-0.0002099
2003M02,11342.881,93.9532,5.9,1629,1854,2067.8251,1.26,1.3,183.6,82.039,0,0,0,0
2003M03,11364.418,93.7358,5.9,1726,1757,2083.727,1.25,1.24,183.9,82.227,-0.02,-0.0025599,0.017682185,0.038384
2003M04,11411.466,93.0657,6,1643,1803,2106.8727,1.26,1.27,183.2,82.063,0,0,0,0
2003M05,11498.265,93.0918,6.1,1751,1835,2131.526,1.26,1.18,182.9,81.953,-0.04,-0.0217468,-0.029734096,-0.008246
2003M06,11539.2,93.2476,6.3,1867,1875,2150.6769,1.22,1.01,183.1,82.03,0.105,0.1572287,0.067320563,-0.2121577
2003M07,11549.941,93.6582,6.2,1897,1885,2178.035,1.01,1.12,183.7,82.263,0,0,0,0
2003M08,11565.037,93.5246,6.1,1833,1966,2221.35,1.03,1.31,184.5,82.529,0,0.0190831,0.005726709,-0.0590037
2003M09,11574.945,94.0751,6.1,1939,1961,2235.2352,1.01,1.24,185.1,82.773,0,-0.0389107,0.01009488,-0.2055686
2003M10,11620.297,94.2079,6,1967,2012,2213.3952,1.01,1.25,184.9,82.767,-0.01,0.0218075,-0.002264367,-0.1934256
2003M11,11690.647,94.9338,5.8,2083,1918,2202.5204,1,1.34,185,82.87,0,0,0,0
2003M12,11701.031,94.8662,5.7,2057,1987,2207.3393,0.98,1.31,185.5,83.064,0.005,0.0208014,0.005672833,-0.2314798
2004M01,11673.666,95.1085,5.7,1911,1952,2224.3131,1,1.24,186.3,83.412,0.005,-0.0156932,0.055318683,-0.1027214
2004M02,11688.277,95.6847,5.6,1846,1966,2251.9562,1.01,1.24,186.7,83.608,0,0,0,0
2004M03,11730.978,95.2088,5.8,1998,2066,2288.9968,1,1.19,187.1,83.746,-0.005,-0.0122327,0.001481187,0.073171
2004M04,11777.237,95.6385,5.6,2003,2070,2343.2458,1,1.43,187.4,83.898,0,0,0,0
2004M05,11844.274,96.3966,5.6,1981,2150,2384.0161,1,1.78,188.2,84.172,-0.005,0.0131913,-0.022458879,-0.1168102
2004M06,11858.492,95.6019,5.6,1828,2020,2409.5349,1.03,2.12,188.9,84.415,-0.01,-0.0278436,-0.020349458,0.1512154
2004M07,11898.458,96.3385,5.5,2002,2112,2414.0749,1.26,2.1,189.1,84.499,0,0,0,0
2004M08,11944.486,96.4095,5.4,2024,2056,2437.3434,1.43,2.02,189.2,84.546,0.03999,0.0092934,0.036320377,0.2811289
2004M09,11959.694,96.4907,5.4,1905,2041,2466.5096,1.61,2.12,189.8,84.714,-0.01,0.0034653,-0.008489406,0.1496408
2004M10,11970.427,97.4094,5.5,2072,2097,2495.9232,1.76,2.23,190.8,85.077,0,0,0,0
2004M11,11945.706,97.6137,5.4,1782,2079,2526.2822,1.93,2.5,191.7,85.403,-0.00999,0.0285606,-0.009585864,0.3182214
2004M12,12354.11,98.3318,5.4,2042,2082,2552.7022,2.16,2.67,191.7,85.446,-0.005,-0.0021003,-0.005683749,0.1613845
2005M01,12029.712,98.7845,5.3,2144,2139,2575.827,2.28,2.86,191.6,85.556,0,0,0,0
2005M02,12040.24,99.4639,5.4,2207,2114,2605.5886,2.5,3.03,192.4,85.791,0,-0.0070467,-0.000275092,0.1223306
2005M03,12080.643,99.3061,5.2,1864,2062,2650.2665,2.63,3.3,193.1,86.038,0.01,0.0038629,0.020561781,0.0554436
2005M04,12122.341,99.4734,5.2,2061,2150,2681.4505,2.79,3.32,193.7,86.266,0,0,0,0
2005M05,12179.018,99.6033,5.1,2025,2085,2696.0295,3,3.33,193.6,86.308,0.01,0.0196867,-0.01252945,0.3034157
2005M06,12212.817,99.9853,5,2068,2178,2733.3076,3.04,3.36,193.7,86.357,0.015,0.013485,0.030782903,0.2362667
2005M07,12222.897,99.6692,5,2054,2203,2781.9938,3.26,3.64,194.9,86.722,0,0,0,0
2005M08,12241.01,99.9435,4.9,2095,2219,2823.9674,3.5,3.87,196.1,87.069,-0.01,-0.0055312,-0.017771564,0.0619472
2005M09,12202.979,98.0779,5,2151,2263,2845.2389,3.62,3.85,198.8,87.905,0.03,0.0216003,0.021640405,0.2489699
2005M10,12293.246,99.3149,5,2065,2170,2870.1147,3.78,4.18,199.1,88.038,0,0,0,0
2005M11,12396.53,100.3216,5,2147,2218,2894.3116,4,4.33,198.1,87.85,0,-0.0081055,-0.013202215,0.2227549
2005M12,12463.963,100.9437,4.9,1994,2120,2925.7203,4.16,4.35,198.1,87.851,-0.005,-0.0005858,-0.028943727,0.0487368
2006M01,12615.534,101.0627,4.7,2273,2212,2944.577,4.29,4.45,199.3,88.279,0.025,0.023098,0.027869653,0.1203751
2006M02,12671.717,101.0669,4.8,2119,2141,2972.0858,4.49,4.68,199.4,88.323,0,0,0,0
2006M03,12704.101,101.2751,4.7,1969,2118,2997.8828,4.59,4.77,199.7,88.473,0.03,0.0502922,0.050257031,0.1017777
2006M04,12708.846,101.6813,4.7,1821,1998,3030.7226,4.79,4.9,200.7,88.85,0,0,0,0
2006M05,12701.954,101.579,4.6,1942,1905,3058.6937,4.94,5,201.3,89.07,0.035,0.0651162,0.025966164,0.1700831
2006M06,12730.66,101.9693,4.6,1802,1867,3092.8674,4.99,5.16,201.8,89.285,-0.025,-0.0038328,-0.039444242,0.4413114
2006M07,12715.713,101.9319,4.7,1737,1763,3121.0226,5.24,5.22,202.9,89.601,0,0,0,0
2006M08,12709.549,102.3327,4.7,1650,1722,3130.1093,5.25,5.08,203.8,89.885,-0.035,-0.0227027,-0.003059873,0.0611265
2006M09,12795.596,102.1252,4.5,1720,1655,3158.145,5.25,4.97,202.8,89.646,0,0.014136,0.013108334,0.0610205
2006M10,12870.822,102.0668,4.4,1491,1570,3307.7415,5.25,5.01,201.9,89.428,-0.005,-0.0072336,-0.000322737,-0.0653439
2006M11,12933.502,101.9688,4.5,1570,1535,3335.486,5.25,5.01,202,89.461,0,0,0,0
2006M12,12998.472,103.0292,4.4,1649,1638,3371.3525,5.24,4.94,203.1,89.789,-0.005,0.0457316,-0.017931875,0.0509711
2007M01,13033.906,102.4933,4.6,1409,1626,3393.7619,5.25,5.06,203.437,90.109,-0.005,0.0031799,-0.031031476,-0.0670772
2007M02,13096.338,103.5264,4.5,1480,1598,3421.4027,5.26,5.05,204.226,90.394,0,0,0,0
2007M03,13147.949,103.7521,4.4,1495,1596,3363.2127,5.26,4.92,205.288,90.715,-0.01501,-0.0233131,-0.055953328,0.1564532
2007M04,13151.498,104.4814,4.5,1490,1470,3390.9803,5.25,4.93,205.904,90.906,0,0,0,0
2007M05,13144.673,104.5322,4.4,1415,1493,3410.1448,5.25,4.91,206.755,91.16,0.005,0.0395906,0.010239681,-0.0125519
2007M06,13127.988,104.5617,4.6,1448,1407,3427.7087,5.25,4.96,207.234,91.352,0,0.0171214,0.015782835,-0.0720803
2007M07,13134.159,104.5227,4.7,1354,1361,3448.1057,5.26,4.96,207.603,91.499,0,0,0,0
2007M08,13137.613,104.7556,4.6,1330,1321,3469.6326,5.02,4.47,207.667,91.558,-0.00833,0.0582901,0.039883666,0.0245104
2007M09,13165.169,105.1611,4.7,1183,1261,3503.2977,4.94,4.14,208.547,91.901,-0.17,-0.1238763,-0.1576231,-0.5951588
2007M10,13139.629,104.7171,4.7,1264,1192,3558.1172,4.76,4.1,209.19,92.162,0.03,0.0477987,0.03913001,-0.3220003
2007M11,13127.498,105.3338,4.7,1197,1224,3585.783,4.49,3.5,210.834,92.642,0,0,0,0
2007M12,13177.454,105.3457,5,1037,1149,3599.042,4.24,3.26,211.445,92.855,0.03,0.0969778,0.10215273,-0.0592162
2008M01,13188.347,105.0619,5,1084,1094,3613.3671,3.94,2.71,212.174,93.102,-0.1275,-0.1849399,-0.11829261,
2008M02,13195.34,104.7094,4.9,1103,1014,3629.1079,2.98,2.05,212.687,93.298,0,0,0,
2008M03,13202.006,104.4616,5.1,1005,967,3647.6621,2.61,1.54,213.448,93.587,0.095,0.1980349,0.15244502,
2008M04,13160.788,103.6704,5,1013,1008,3660.4862,2.28,1.74,213.942,93.785,-0.075,0.0130809,-0.054498371,
2008M05,13704.098,103.0863,5.4,973,995,3650.1508,1.98,2.06,215.208,94.206,0,0,0,
2008M06,13359.533,102.8445,5.6,1046,1180,3637.2401,2,2.42,217.463,94.876,0.015,0.0259503,0.001857893,
2008M07,13138.288,102.3002,5.8,923,921,3630.227,2.01,2.28,219.016,95.285,0,0,0,
2008M08,13054.138,100.7353,6.1,844,858,3630.6801,2,2.18,218.69,95.204,-0.03,0.0140723,-0.020662848,
2008M09,13067.915,96.3666,6.1,820,797,3669.0905,1.81,1.91,218.877,95.307,0.12,0.1050761,0.10193946,
2008M10,13131.123,97.2832,6.5,777,736,3826.1905,0.97,1.42,216.995,94.727,-0.03,-0.0383294,0.11274098,
2008M11,13211.827,96.0605,6.8,652,626,3825.5767,0.39,1.07,213.153,93.643,-0.005,0.0641779,0,
2008M12,13121.721,93.2521,7.3,560,554,3819.1719,0.16,0.49,211.398,93.139,-0.09001,-0.0251588,-0.18585984,
2009M01,12971.02,91.0373,7.8,490,545,3801.0091,0.15,0.44,211.933,93.173,0,0.0088741,0.005127948,
2009M02,12813.805,90.4502,8.3,582,558,3825.3853,0.22,0.62,212.705,93.363,0,0,0,
2009M03,12778.19,89.016,8.7,505,513,3825.5786,0.18,0.64,212.495,93.284,-0.01,0.0614497,-0.088378958,
2009M04,12837.219,88.3056,9,478,521,3840.3652,0.15,0.55,212.709,93.432,0.005,0.0289525,-0.038531225,
2009M05,13027.964,87.4155,9.4,540,556,3877.8972,0.18,0.5,213.022,93.546,0,0,0,
2009M06,12825.058,87.0742,9.5,585,601,3860.3485,0.21,0.51,214.79,94.1,0,0.0661696,0.027500428,
2009M07,12774.081,88.0323,9.5,594,595,3839.5862,0.16,0.48,214.726,94.106,0,0,0,
2009M08,12743.854,89.019,9.6,586,616,3814.5862,0.16,0.46,215.445,94.378,-0.005,0.0301928,0.011642656,
2009M09,12763.787,89.6926,9.8,585,609,3767.6567,0.15,0.4,215.861,94.536,-0.015,-0.0368859,-0.042130433,
2009M10,12709.966,89.9797,10,534,583,3743.0147,0.12,0.37,216.509,94.899,0,0,0,
2009M11,12743.645,90.3375,9.9,588,623,3804.2483,0.12,0.31,217.234,95.135,-0.00999,-0.019912,-0.009185235,
2009M12,12808.646,90.6132,9.9,581,664,3776.7897,0.12,0.37,217.347,95.175,-0.005,-0.0132974,0.002695629,
2010M01,12860.097,91.6642,9.8,614,636,3757.5341,0.11,0.35,217.488,95.366,0,,-0.004470239,
2010M02,12852.303,91.994,9.8,604,650,3720.9645,0.13,0.35,217.281,95.351,0,,0,
2010M03,12892.933,92.5993,9.9,636,687,3704.2727,0.16,0.4,217.353,95.468,-0.01,,-0.015215505,
2010M04,12998.264,92.9436,9.9,687,637,3713.5837,0.2,0.45,217.403,95.507,-0.01,,-0.016046785,
2010M05,13107.196,94.2997,9.6,583,575,3699.3973,0.2,0.37,217.29,95.527,0,,0,
2010M06,13137.355,94.4397,9.4,536,587,3682.3904,0.18,0.32,217.199,95.474,0,,-0.018761357,
2010M07,13176.118,94.8536,9.4,546,579,3662.219,0.18,0.29,217.605,95.556,0,,0,
2010M08,13224.463,95.1448,9.5,599,580,3656.1693,0.19,0.26,217.923,95.684,0,,-0.0378442,
2010M09,13222.624,95.3637,9.5,594,563,3643.6382,0.19,0.26,218.275,95.773,0.005,,-0.031866804,
2010M10,13247.875,95.1109,9.4,543,558,3628.4927,0.19,0.23,219.035,96.057,0,,0,
2010M11,13279.581,95.1383,9.8,545,560,3622.3212,0.19,0.25,219.59,96.238,0.005,,0.029106926,
2010M12,13374.156,96.0599,9.3,539,632,3613.4392,0.18,0.29,220.472,96.456,0,,-0.000481956,
2011M01,13541.211,95.9364,9.1,630,576,3602.7182,0.17,0.27,221.187,96.774,-0.005,,0.000696848,
2011M02,13576.031,95.5154,9,517,542,3570.1052,0.16,0.29,221.898,97.054,0,,0,
2011M03,13540.028,96.4643,9,600,583,3539.8669,0.14,0.26,223.046,97.446,0,,-0.015556321,
2011M04,13516.405,96.1187,9.1,554,581,3520.9961,0.1,0.25,224.093,97.854,-0.005,,-0.010367402,
2011M05,13505.003,96.3377,9,561,618,3507.9571,0.09,0.19,224.806,98.153,0,,0,
2011M06,13572.943,96.6154,9.1,608,636,3501.1567,0.09,0.18,224.806,98.136,-0.005,,-0.007724558,
2011M07,13620.414,97.1292,9,623,621,3498.0829,0.07,0.19,225.395,98.316,0,,0,
2011M08,13605.561,97.6731,9,585,647,3492.9823,0.1,0.11,226.106,98.555,-0.005,,0.046091333,
2011M09,13582.785,97.6494,9,650,610,3490.0909,0.08,0.1,226.597,98.699,0.02,,0.02469557,
2011M10,13599.436,98.3222,8.8,610,671,3499.0104,0.07,0.11,226.75,98.705,0,,0,
2011M11,13591.318,98.2433,8.6,711,706,3503.8103,0.08,0.11,227.169,98.908,0.01,,0.013475441,
2011M12,13714.357,98.7876,8.5,694,697,3494.899,0.07,0.12,227.223,98.965,0,,0.041044869,
2012M01,13776.131,99.3925,8.3,723,712,3510.7421,0.08,0.12,227.842,99.32,0,,-0.018613441,
2012M02,13861.174,99.6203,8.3,704,738,3539.6263,0.1,0.16,228.329,99.556,0,,0,
2012M03,13911.509,99.1551,8.2,695,806,3544.0301,0.13,0.19,228.807,99.737,0,,0.003039107,
2012M04,13963.525,99.9006,8.2,753,732,3540.453,0.14,0.18,229.187,99.873,0,,0.002717076,
2012M05,13975.696,100.0924,8.2,708,796,3538.8904,0.16,0.19,228.713,99.755,0,,0,
2012M06,13995.038,100.0728,8.2,757,794,3528.5191,0.16,0.19,228.524,99.701,0.01,,0.007821872,
2012M07,13909.126,100.3354,8.2,740,849,3525.8795,0.16,0.19,228.59,99.738,0,,0,
2012M08,13867.317,99.856,8.1,754,840,3527.1221,0.13,0.18,229.918,100.07,0.015,,0.008093303,
2012M09,13943.929,99.9049,7.8,847,930,3531.146,0.14,0.18,231.015,100.378,0.02,,-0.022661671,
2012M10,14046.984,100.1167,7.8,915,887,3527.4655,0.16,0.18,231.638,100.672,-0.005,,0.000663008,
2012M11,14249.192,100.5991,7.7,833,917,3554.4835,0.16,0.18,231.249,100.605,0,,0,
2012M12,14614.152,100.9542,7.9,976,941,3550.6494,0.16,0.16,231.221,100.595,0,,-0.020946808,
2013M01,13894.743,100.8204,8,888,940,3559.8852,0.14,0.15,231.679,100.782,0,,0.003296733,
2013M02,13835.102,101.3995,7.7,962,980,3554.1363,0.15,0.16,232.937,101.149,0,,0,
2013M03,13865.456,101.8114,7.5,1010,936,3548.8821,0.14,0.15,232.282,101.015,0.005,,-0.002724557,
2013M04,13930.178,101.6364,7.6,835,1012,3552.656,0.15,0.12,231.797,100.94,0,,0,
2013M05,14009.753,101.7476,7.5,930,1003,3545.222,0.11,0.12,231.893,101.006,0,,-0.008054617,
2013M06,14021.223,101.9549,7.5,839,942,3544.1442,0.09,0.14,232.445,101.226,0.005,,0.005643359,
2013M07,13991.979,101.5204,7.3,880,997,3538.032,0.09,0.12,232.9,101.351,0,,-0.02520909,
2013M08,14017.134,102.1907,7.2,917,964,3528.081,0.08,0.13,233.456,101.503,0,,0,
2013M09,14069.86,102.717,7.2,850,1004,3527.4165,0.08,0.12,233.544,101.545,0,,-0.066467918,
2013M10,14039.392,102.5371,7.2,925,1044,3524.3568,0.09,0.12,233.669,101.711,0,,0.018019592,
2013M11,14091.431,102.8379,6.9,1100,1029,3529.1366,0.08,0.12,234.1,101.865,0,,0,
2013M12,14142.583,103.1504,6.7,1002,1007,3531.8026,0.09,0.13,234.719,102.065,0.005,,-0.088367566,
2014M01,14216.885,102.7216,6.6,888,983,3535.2899,0.07,0.12,235.288,102.254,0,,0.024715671,
2014M02,14307.777,103.5917,6.7,944,1045,3546.0995,0.07,0.12,235.547,102.308,0,,0,
2014M03,14381.676,104.5889,6.7,970,1062,3561.2129,0.08,0.13,236.028,102.509,0,,0.00947374,
2014M04,14424.352,104.6371,6.2,1043,1085,3573.6976,0.09,0.11,236.468,102.698,0,,-0.001336159,
2014M05,14472.043,105.0152,6.3,1007,1016,3581.6506,0.09,0.1,236.918,102.866,0,,0,
2014M06,14539.284,105.4081,6.1,911,1003,3597.6834,0.1,0.1,237.231,102.976,0,,-0.018113473,
2014M07,14592.781,105.6157,6.2,1085,1073,3605.4028,0.09,0.11,237.498,103.128,0,,-0.022148149,
2014M08,14670.54,105.4986,6.1,984,1047,3616.4153,0.09,0.11,237.46,103.11,0,,0,
2014M09,14722.813,105.8138,5.9,1023,1076,3619.8767,0.09,0.11,237.477,103.132,0,,-0.014907892,
2014M10,14790.364,105.8357,5.7,1074,1100,3621.1477,0.09,0.1,237.43,103.103,0.01,,0.024466552,
2014M11,14866.655,106.6634,5.8,1001,1062,3626.952,0.09,0.13,236.983,103.021,0,,0,
2014M12,14958.757,106.5085,5.6,1073,1074,3638.8027,0.12,0.21,236.252,102.852,-0.005,,-0.046046894,
2015M01,15076.076,105.9806,5.7,1092,1057,3653.5293,0.11,0.2,234.718,102.357,0,,0.010580111,
2015M02,15120.548,105.4425,5.5,888,1131,3676.2753,0.11,0.22,235.236,102.518,0,,0,
2015M03,15087.795,105.1464,5.4,962,1071,3711.3076,0.11,0.25,236.005,102.751,-0.02,,-0.091535188,
2015M04,15173.676,104.5272,5.4,1191,1161,3720.3857,0.12,0.23,236.156,102.803,0,,-0.005417777,
2015M05,15229.439,104.0742,5.6,1081,1270,3729.7203,0.12,0.24,236.974,103.064,0,,0,
2015M06,15259.92,103.7174,5.3,1199,1367,3748.2116,0.13,0.28,237.684,103.277,-0.02,,-0.029317545,
2015M07,15288.126,104.3243,5.2,1138,1136,3762.2035,0.13,0.3,238.053,103.389,0,,-0.008800203,
2015M08,15316.446,104.1621,5.1,1132,1166,3778.0218,0.14,0.38,238.028,103.392,0,,0,
2015M09,15354.332,103.7768,5,1215,1143,3795.0603,0.14,0.37,237.506,103.235,-0.06499,,-0.04078814,
2015M10,15373.738,103.3976,5,1062,1165,3812.8149,0.12,0.26,237.781,103.236,0.035,,0.056220781,
2015M11,15353.804,102.6866,5.1,1169,1251,3847.4487,0.12,0.48,238.016,103.294,0,,0,
2015M12,15400.998,102.1014,5,1157,1213,3871.146,0.24,0.65,237.817,103.23,0,,0.004575674,
2016M01,15419.226,102.9525,4.9,1114,1176,3890.7469,0.34,0.54,237.833,103.287,0,,0.017553305,
2016M02,15426.24,102.2225,4.9,1208,1192,3917.1302,0.38,0.53,237.469,103.218,0,,0,
2016M03,15441.368,101.4155,5,1115,1113,3944.1143,0.36,0.66,238.038,103.385,0,,-0.041065183,
2016M04,15427.722,101.5167,5,1160,1152,3960.5872,0.37,0.56,238.827,103.722,0,,-0.015456596,
2016M05,15419.398,101.4298,4.8,1131,1188,3986.3178,0.37,0.59,239.464,103.904,0,,0,
2016M06,15430.431,101.8747,4.9,1191,1196,4007.2667,0.38,0.55,240.167,104.104,0,,-0.007876773,
2016M07,15476.982,102.1325,4.8,1232,1187,4031.3598,0.39,0.51,240.15,104.199,0,,-0.011930075,
2016M08,15491.877,102.0407,4.9,1159,1207,4054.5478,0.4,0.57,240.602,104.363,0,,0,
2016M09,15537.413,102.0477,5,1063,1283,4074.2678,0.4,0.59,241.051,104.47,0,,-0.017829262,
2016M10,15562.413,102.2485,4.9,1325,1281,4098.3983,0.4,0.66,241.691,104.708,0,,0,
2016M11,15594.511,102.0507,4.7,1150,1246,4110.8836,0.41,0.74,242.029,104.752,0,,-0.004575581,
2016M12,15619.931,102.9281,4.7,1287,1257,4117.5341,0.54,0.87,242.772,104.976,0,,0.013507645,
2017M01,15695.627,103.0366,4.7,1221,1321,4135.885,0.65,0.83,243.78,105.336,,,,
2017M02,15755.058,102.6479,4.7,1292,1247,4145.2185,0.66,0.82,243.961,105.42,,,,
2017M03,15829.723,103.343,4.4,1179,1286,4155.586,0.79,1.01,243.749,105.309,,,,
2017M04,15822.075,104.2721,4.4,1152,1245,4171.4019,0.9,1.04,244.051,105.546,,,,
2017M05,15885.031,104.4129,4.4,1124,1201,4186.1234,0.91,1.12,243.962,105.56,,,,
2017M06,15878.935,104.5849,4.3,1232,1317,4197.7295,1.04,1.2,244.182,105.68,,,,
2017M07,15926.788,104.5427,4.3,1196,1255,4216.3875,1.15,1.22,244.39,105.758,,,,
2017M08,15961.424,104.0475,4.4,1167,1315,4227.0255,1.16,1.23,245.297,105.995,,,,
2017M09,16012.947,104.0502,4.2,1163,1261,4232.7394,1.15,1.28,246.418,106.345,,,,
2017M10,16080.016,105.6287,4.1,1261,1349,4257.6751,1.15,1.4,246.587,106.538,,,,
2017M11,16139.777,106.193,4.2,1299,1314,4274.5106,1.16,1.56,247.332,106.739,,,,
2017M12,16212.512,106.536,4.1,1219,1315,4288.4801,1.3,1.7,247.901,106.922,,,,
2018M01,16294.367,106.2655,4.1,1335,1384,4304.118,1.41,1.8,248.884,107.223,,,,
2018M02,16325.587,106.6419,4.1,1295,1339,4317.9695,1.42,1.96,249.369,107.423,,,,
2018M03,16375.125,107.2519,4,1332,1406,4330.4048,1.51,2.06,249.498,107.555,,,,
2018M04,16384.746,108.2223,3.9,1267,1376,4343.5539,1.69,2.15,249.956,107.765,,,,
2018M05,16406.018,107.3639,3.8,1332,1321,4339.6377,1.7,2.27,250.646,108.017,,,,
2018M06,16450.592,108.1707,4,1180,1306,4353.709,1.82,2.33,251.134,108.182,,,,
2018M07,16501.04,108.652,3.9,1184,1316,4365.2145,1.91,2.39,251.597,108.353,,,,
2018M08,16562.045,109.5246,3.8,1279,1267,4371.2293,1.91,2.45,251.879,108.39,,,,
2018M09,16548.593,109.6749,3.7,1236,1288,4390.4493,1.95,2.56,252.01,108.496,,,,
2018M10,16564.283,109.9165,3.8,1211,1281,4402.3038,2.19,2.65,252.794,108.71,,,,
2018M11,16580.853,110.5067,3.7,1202,1334,4405.9094,2.2,2.7,252.76,108.776,,,,
2018M12,16728.36,110.5516,3.9,1142,1339,4415.8625,2.27,2.66,252.723,108.83,,,,
2019M01,16790.073,110.1185,4,1291,1316,4431.6286,2.4,2.58,252.673,108.739,,,,
2019M02,16872.768,109.5631,3.8,1149,1287,4444.6489,2.4,2.55,253.113,108.835,,,,
2019M03,16912.552,109.6811,3.8,1199,1288,4460.8949,2.41,2.49,254.148,109.064,,,,
2019M04,16915.148,108.9888,3.6,1270,1290,4475.6051,2.42,2.42,254.958,109.403,,,,
2019M05,16935.76,109.2264,3.6,1264,1299,4493.451,2.39,2.34,255.155,109.511,,,,
2019M06,16976.631,109.2678,3.7,1233,1232,4505.6463,2.38,2,255.305,109.653,,,,
2019M07,16962.207,109.1183,3.7,1204,1317,4514.2717,2.4,1.96,256.161,109.912,,,,
2019M08,17045.722,109.9273,3.7,1375,1425,4523.4585,2.13,1.77,256.3,109.936,,,,
2019M09,17094.05,109.594,3.5,1266,1391,4537.614,2.04,1.8,256.358,109.928,,,,
2019M10,17065.186,108.6714,3.6,1314,1461,4558.0746,1.83,1.61,257.271,110.133,,,,
