MSA,MSA_old,PINCPC,POP,PINC,EMP,cbsa,RGDP,RGDPPC,D2I_Low,D2I_H,WRLURI,elasticity,FE_Y_G2,FE_Y_G3,FE_Y_G4,FE_NoY_G2,FE_NoY_G3,FE_NoY_G4,PINCPC_Top10,FE_Y_PoorG3_1,FE_NoY_PoorG3_1
"Abilene, TX","Abilene, TX",40862,170.516,6967607,102.84,10180,6565925,38506.21056,1.37,1.49,0.10083067,3.0948513,2,3,4,2,2,4,0,0,0
"Akron, OH","Akron, OH",47343,704.367,33346841,428.89,10420,32374943,45963.17403,1.205,1.315,0.067560114,2.5854928,2,3,3,2,3,3,0,0,0
"Albany, GA","Albany, GA",36522,148.113,5409425,81.997,10500,5224058,35270.75949,1.1175,1.2325,-0.49810675,3.3922868,2,3,4,2,3,4,0,0,0
"Albany, OR","Albany, OR",40865,124.977,5107152,61.617,10540,4210211,33687.88657,1.63,1.81,,,1,2,2,1,1,1,0,0,0
"Albany-Schenectady-Troy, NY","Albany-Schenectady-Troy, NY",56264,882.13,49632513,570.825,10580,52128025,59093.35926,1.085,1.205,-0.09178428,1.700388,1,1,1,1,1,1,1,0,0
"Albuquerque, NM","Albuquerque, NM",40715,912.897,37168752,503.702,10740,37669706,41263.91696,1.63,1.81,0.373471,2.11238,1,2,1,2,1,2,0,0,0
"Alexandria, LA","Alexandria, LA",42200,153.604,6482090,81.146,10780,5598158,36445.39205,1.315,1.43,-1.6766891,7.1480856,1,2,2,2,2,4,0,0,0
"Allentown-Bethlehem-Easton, PA-NJ","Allentown-Bethlehem-Easton, PA-NJ",51236,838.081,42940245,473.665,10900,39570402,47215.48633,1.49,1.63,0.022797078,1.8622904,1,2,1,1,1,1,0,0,0
"Altoona, PA","Altoona, PA",44160,123.175,5439427,75.601,11020,5260675,42708.95068,1.02,1.15,0.37206283,2.1776206,1,2,2,2,1,1,0,0,0
"Amarillo, TX","Amarillo, TX",44111,264.955,11687486,164.761,11100,12185359,45990.29647,1.1175,1.2325,-0.3986942,3.4720654,2,3,3,2,3,3,0,0,0
"Ames, IA","Ames, IA",41321,123.736,5112937,77.718,11180,5633048,45524.73007,0.6375,1.0525,,,2,2,2,2,2,2,0,0,0
"Anchorage, AK","Anchorage, AK",58093,400.647,23274975,242.789,11260,22194342,55396.25156,1.81,2.1,,,2,3,2,2,1,1,1,0,0
"Ann Arbor, MI","Ann Arbor, MI",56729,369.208,20944911,266.796,11460,21313699,57728.16136,0.8925,1.1175,0.30975512,2.2907684,2,3,4,2,2,4,1,0,0
"Anniston-Oxford, AL","Anniston-Oxford-Jacksonville, AL",35721,114.664,4095935,58.628,11500,3861148,33673.58543,1.26,1.37,,,1,2,2,1,1,1,0,0,1
"Appleton, WI","Appleton, WI",49292,236.058,11635733,155.134,11540,11548960,48924.24743,0.99,1.2,-0.15223685,2.2756798,1,2,2,2,2,2,0,0,0
"Asheville, NC","Asheville, NC",43265,455.255,19696720,273.581,11700,17323369,38052.01261,1.81,2.1,-0.61086994,1.5458176,1,2,2,1,1,1,0,0,0
"Athens-Clarke County, GA","Athens-Clarke County, GA",38884,208.997,8126567,126.066,12020,8730445,41773.06373,1.205,1.315,,,2,3,3,2,3,3,0,0,0
"Atlanta-Sandy Springs-Alpharetta, GA","Atlanta-Sandy Springs-Roswell, GA",50269,5874.249,295294501,3774.198,12060,348681584,59357.64453,1.4025,1.53,0.034925,2.5536988,2,3,3,2,3,3,0,0,0
"Atlantic City-Hammonton, NJ","Atlantic City-Hammonton, NJ",46549,266.328,12397367,164.114,12100,12424734,46652.00054,1.26,1.3725,0.68825674,1.1185694,2,2,2,2,1,1,0,0,0
"Auburn-Opelika, AL","Auburn-Opelika, AL",36437,161.641,5889666,83.721,12220,5897678,36486.27514,1.81,2.1,-1.1937114,5.2154036,2,3,3,2,3,3,0,0,0
"Augusta-Richmond County, GA-SC","Augusta-Richmond County, GA-SC",40502,600.006,24301614,318.487,12260,24254227,40423.30743,1.46,1.595,-1.091925,3.568282,2,3,3,1,1,1,0,0,0
"Austin-Round Rock-Georgetown, TX","Austin-Round Rock, TX",55530,2115.23,117458116,1449.768,12420,127337977,60200.53469,1.315,1.43,-0.2833971,3.002909,2,2,2,1,1,1,0,0,0
"Bakersfield, CA","Bakersfield, CA",38467,888.988,34196499,412.04,12540,50226164,56498.13496,1.63,1.81,0.3953429,1.6380138,1,1,1,1,1,1,0,0,0
"Baltimore-Columbia-Towson, MD","Baltimore-Columbia-Towson, MD",59570,2798.587,166712892,1837.907,12580,178407243,63749.043,1.595,1.765,1.6010959,1.2349458,2,3,4,2,3,3,1,0,0
"Bangor, ME","Bangor, ME",39976,151.19,6044013,90.783,12620,5856821,38738.15067,1.2875,1.4,0.5923235,2.324309,2,3,3,2,2,4,0,0,0
"Barnstable Town, MA","Barnstable Town, MA",70777,213.482,15109606,152.68,12700,12192071,57110.53391,2.2175,2.57,4.312253,1.0065495,1,2,1,1,1,1,1,0,0
"Baton Rouge, LA","Baton Rouge, LA",45865,853.762,39158059,530.726,12940,49456680,57927.94713,1.205,1.315,-0.813082,1.7378802,2,3,3,2,2,4,0,0,0
"Battle Creek, MI","Battle Creek, MI",38608,134.358,5187262,70.88,12980,5609810,41752.70546,0.765,1.085,,,2,3,4,2,2,4,0,0,0
"Bay City, MI","Bay City, MI",40192,104.189,4187549,46.766,13020,3468934,33294.62803,1.4,1.525,,,2,3,4,2,3,4,0,0,0
"Beaumont-Port Arthur, TX","Beaumont-Port Arthur, TX",42728,398.686,17035245,210.78,13140,28069251,70404.40597,0.51,1.02,-0.6372842,2.4948409,1,2,3,1,1,1,0,0,0
"Beckley, WV","Beckley, WV",36477,118.639,4327543,53.715,13220,3746074,31575.40101,1.4,1.525,,,2,2,2,2,2,2,0,0,0
"Bellingham, WA","Bellingham, WA",46719,221.65,10355271,126.487,13380,13306016,60031.65351,1.955,2.335,,,2,3,4,2,3,3,0,0,0
"Bend, OR","Bend-Redmond, OR",53033,186.807,9906980,126.915,13460,7892078,42247.22842,2.1,2.57,,,2,3,4,1,1,1,0,0,0
"Billings, MT","Billings, MT",49558,179.372,8889336,120.39,13740,9565917,53330.04594,1.56,1.72,-0.1934254,3.06213,2,2,2,1,2,1,0,0,0
"Binghamton, NY","Binghamton, NY",43201,241.609,10437731,127.064,13780,10724610,44388.28852,1.02,1.15,-0.80459076,2.2594266,1,1,1,1,1,1,0,0,0
"Birmingham-Hoover, AL","Birmingham-Hoover, AL",48618,1085.75,52786758,658.141,13820,54192007,49912.04881,1.315,1.43,-0.23494875,2.144764,2,3,3,2,3,4,0,0,0
"Bismarck, ND","Bismarck, ND",54507,128.001,6976961,94.103,13900,6882276,53767.36119,1.315,1.43,-0.3023023,3.464907,2,3,4,2,3,3,0,0,0
"Blacksburg-Christiansburg, VA","Blacksburg-Christiansburg-Radford, VA",36723,166.907,6129292,87.847,13980,6766394,40539.90546,1.2875,1.4,,,1,2,2,1,1,3,0,0,1
"Bloomington, IL","Bloomington, IL",47247,172.845,8166372,112.014,14010,11826318,68421.52217,0.99,1.2,-0.20057786,3.4024215,1,2,2,2,2,1,0,0,0
"Bloomington, IN","Bloomington, IN",40079,167.513,6713796,97.365,14020,6420432,38327.96261,1.2325,1.3425,,,1,2,2,1,1,1,0,0,0
"Bloomsburg-Berwick, PA","Bloomsburg-Berwick, PA",43692,83.924,3666836,52.947,14100,3962275,47212.65669,0.51,1.02,,,1,1,1,1,1,1,0,0,0
"Boise City, ID","Boise City, ID",44062,710.08,31287639,428.223,14260,29709413,41839.52935,1.765,2.0275,-0.4626847,1.6927996,1,2,2,1,1,1,0,0,0
"Boston-Cambridge-Newton, MA-NH","Boston-Cambridge-Newton, MA-NH",74779,4844.597,362272886,3618.955,14460,399360729,82434.25181,1.1725,1.2875,1.7025069,0.8581065,1,1,1,1,1,1,1,0,0
"Boulder, CO","Boulder, CO",69298,324.073,22457556,269.27,14500,24607654,75932.44115,1.49,1.63,3.121081,1.2232325,1,1,1,1,1,1,1,0,0
"Bowling Green, KY","Bowling Green, KY",35863,174.962,6274681,101.561,14540,6254353,35746.92219,1.315,1.43,,,2,3,4,2,3,4,0,0,0
"Bremerton-Silverdale-Port Orchard, WA","Bremerton-Silverdale, WA",52833,266.55,14082667,132.502,14740,11035875,41402.64491,2.57,,0.57227755,1.4866295,2,3,4,2,3,3,0,0,0
"Bridgeport-Stamford-Norwalk, CT","Bridgeport-Stamford-Norwalk, CT",112769,943.457,106392305,659.847,14860,77609152,82260.4019,1.685,1.91,,,2,3,4,2,3,3,1,0,0
"Brownsville-Harlingen, TX","Brownsville-Harlingen, TX",27427,423.181,11606636,192.721,15180,9737643,23010.58649,1.1175,1.2325,-0.95578474,2.3966222,2,3,3,2,3,3,0,0,0
"Brunswick, GA","Brunswick, GA",39058,117.728,4598165,59.742,15260,3824135,32482.79933,1.72,1.955,,,2,3,4,2,3,3,0,0,0
"Buffalo-Cheektowaga, NY","Buffalo-Cheektowaga-Niagara Falls, NY",48879,1129.66,55216894,670.999,15380,59746005,52888.48415,0.765,1.085,-0.23118621,1.82699,1,1,1,1,1,1,0,0,0
"Burlington, NC","Burlington, NC",38141,163.529,6237219,82.464,15500,5200654,31802.64051,1.675,1.8825,,,1,2,1,1,1,1,0,0,0
"Burlington-South Burlington, VT","Burlington-South Burlington, VT",55445,218.881,12135868,165.129,15540,12125000,55395.3975,1.315,1.43,1.1774004,1.5618443,1,2,1,2,2,2,0,0,0
"California-Lexington Park, MD","California-Lexington Park, MD",54446,112.413,6120472,61.186,15680,6402262,56953.03924,2.1,2.57,,,2,3,3,2,3,3,0,0,0
"Canton-Massillon, OH","Canton-Massillon, OH",42937,399.418,17149910,221.673,15940,18134746,45402.92626,1.4,1.525,-0.80701536,3.0307305,2,3,4,2,3,4,0,0,0
"Cape Coral-Fort Myers, FL","Cape Coral-Fort Myers, FL",48872,739.506,36140942,379.209,15980,26207287,35438.91057,2.0275,2.4525,-0.14938621,1.2812364,2,3,4,2,3,4,0,0,0
"Cape Girardeau, MO-IL","Cape Girardeau, MO-IL",41882,96.873,4057266,60.492,16020,3913734,40400.66892,1.2325,1.345,,,1,2,1,1,1,2,0,0,0
"Carbondale-Marion, IL","Carbondale-Marion, IL",38782,137.49,5332144,76.491,16060,5589686,40655.21856,0.51,1.02,,,2,3,3,2,2,4,0,0,0
"Carson City, NV","Carson City, NV",48065,54.608,2624755,39.441,16180,3156084,57795.26809,1.1125,1.2325,,,1,2,2,1,2,2,0,0,0
"Casper, WY","Casper, WY",62751,79.556,4992181,53.892,16220,5010582,62981.82412,1.46,1.595,-0.8195934,4.5381074,2,3,4,2,3,4,1,0,0
"Cedar Rapids, IA","Cedar Rapids, IA",49721,270.594,13454170,181.671,16300,16790507,62050.55175,1.1175,1.2325,-0.68610734,3.9480708,1,2,2,2,2,2,0,0,0
"Chambersburg-Waynesboro, PA","Chambersburg-Waynesboro, PA",44239,154.487,6834280,79.491,16540,5412963,35038.30743,1.49,1.63,,,1,2,2,1,1,1,0,0,0
"Champaign-Urbana, IL","Champaign-Urbana, IL",43644,226.56,9887895,134.912,16580,10435942,46062.5971,1.085,1.205,-0.39136863,3.629078,1,2,1,1,1,1,0,0,0
"Charleston, WV","Charleston, WV",41322,264.183,10916568,149.034,16620,11538213,43675.0775,0.51,1.02,-1.1493769,1.5718449,2,2,4,2,2,4,0,0,0
"Charleston-North Charleston, SC","Charleston-North Charleston, SC",48769,775.089,37800241,482.76,16700,36394735,46955.55607,1.8825,2.2175,-0.8060621,1.1964433,1,2,2,1,1,1,0,0,0
"Charlotte-Concord-Gastonia, NC-SC","Charlotte-Concord-Gastonia, NC-SC",50043,2549.741,127596524,1593.809,16740,143835956,56411.98694,1.4025,1.53,-0.5302106,3.0920334,1,2,2,1,1,1,0,0,0
"Charlottesville, VA","Charlottesville, VA",63300,216.559,13708201,153.057,16820,11937304,55122.64094,1.49,1.63,-0.9799601,3.4359303,1,2,2,1,1,1,1,0,0
"Chattanooga, TN-GA","Chattanooga, TN-GA",44198,556.081,24577673,327.239,16860,26693082,48002.14717,1.3425,1.46,-0.72058916,2.1130126,2,3,3,2,3,3,0,0,0
"Cheyenne, WY","Cheyenne, WY",49746,98.46,4898034,68.988,16940,5193647,52748.80154,1.765,2.0275,,,2,3,4,2,3,4,0,0,0
"Chicago-Naperville-Elgin, IL-IN-WI","Chicago-Naperville-Elgin, IL-IN-WI",58014,9520.784,552339301,6090.516,16980,600421994,63064.34365,1.2325,1.345,0.43549547,1.2830582,1,2,2,2,1,3,1,0,0
"Chico, CA","Chico, CA",42653,229.207,9776376,114.64,17020,9002731,39277.73148,1.8825,2.2175,0.94018835,1.7394891,1,1,1,1,1,1,0,0,0
"Cincinnati, OH-KY-IN","Cincinnati, OH-KY-IN",51729,2202.597,113937980,1372.384,17140,122867631,55783.0738,1.1175,1.2325,-0.2768149,2.6028533,2,3,3,2,3,3,0,0,0
"Clarksville, TN-KY","Clarksville, TN-KY",39426,299.059,11790763,154.838,17300,11147716,37275.97564,2.1,2.57,,,2,3,3,2,3,4,0,0,0
"Cleveland, TN","Cleveland, TN",37063,122.082,4524685,62.495,17420,4671982,38269.2125,1.495,1.64,,,2,3,3,2,3,3,0,0,0
"Cleveland-Elyria, OH","Cleveland-Elyria, OH",51409,2058.549,105828387,1332.93,17460,117136194,56902.31032,1.02,1.15,-0.16035768,1.0249237,2,3,3,2,3,4,0,0,0
"Coeur d'Alene, ID","Coeur d'Alene, ID",43129,157.485,6792188,88.196,17660,5301432,33663.09172,2.57,,,,2,3,4,2,3,3,0,0,0
"College Station-Bryan, TX","College Station-Bryan, TX",37569,258.825,9723678,152.965,17780,12775982,49361.46817,1.02,1.15,0.38432527,2.7198987,1,3,3,2,3,3,0,0,0
"Colorado Springs, CO","Colorado Springs, CO",46708,725.438,33883990,426.55,17820,33146193,45691.28306,2.1,2.57,0.86787033,1.6681645,1,2,1,2,1,3,0,0,0
"Columbia, MO","Columbia, MO",44916,206.288,9265632,142.143,17860,8675553,42055.53886,1.15,1.26,-1.5323458,7.8417006,1,2,2,2,2,2,0,0,0
"Columbia, SC","Columbia, SC",43750,825.11,36098903,505.636,17900,38014141,46071.60379,1.46,1.595,-0.7645787,2.640273,1,2,2,1,1,1,0,0,0
"Columbus, GA-AL","Columbus, GA-AL",39407,315.872,12447463,179.873,17980,13232794,41892.89966,1.605,1.7925,-0.8269074,3.8502142,2,3,3,2,3,3,0,0,0
"Columbus, IN","Columbus, IN",47987,82.429,3955556,61.301,18020,6063299,73557.83765,0.6375,1.0525,,,1,2,1,2,2,3,0,0,0
"Columbus, OH","Columbus, OH",49338,2082.475,102744546,1375.704,18140,112512486,54028.25292,1.1775,1.2875,0.25988513,2.7131891,2,3,3,2,3,3,0,0,0
"Corpus Christi, TX","Corpus Christi, TX",42389,428.237,18152655,251.653,18580,21165711,49425.22715,1.205,1.315,-0.24546725,1.6543641,2,3,3,2,3,3,0,0,0
"Corvallis, OR","Corvallis, OR",44519,91.567,4076498,51.317,18700,4484532,48975.41691,1.765,2.0275,0.0659792,2.811249,1,2,1,1,1,1,0,0,0
"Crestview-Fort Walton Beach-Destin, FL","Crestview-Fort Walton Beach-Destin, FL",49800,271.959,13543565,173.797,18880,12622410,46412.91518,2.1,2.57,-0.07139186,1.7463965,2,3,3,2,3,3,0,0,0
"Cumberland, MD-WV","Cumberland, MD-WV",38342,98.566,3779218,47.392,19060,3562958,36147.94148,1.345,1.465,,,2,3,3,2,3,4,0,0,0
"Dallas-Fort Worth-Arlington, TX","Dallas-Fort Worth-Arlington, TX",53391,7340.943,391942594,4948.247,19100,451414779,61492.75086,1.085,1.205,-0.25053227,2.4865007,2,2,3,2,1,3,0,0,0
"Dalton, GA","Dalton, GA",34984,143.872,5033165,80.027,19140,6823387,47426.78909,0.51,1.02,,,2,3,4,2,3,4,0,0,0
"Danville, IL","Danville, IL",37461,77.776,2913571,36.016,19180,3196706,41101.44518,0.51,1.02,,,2,2,3,2,2,4,0,0,0
"Daphne-Fairhope-Foley, AL","Daphne-Fairhope-Foley, AL",43989,212.619,9352917,111.99,19300,5525882,25989.59641,2.57,,,,2,3,3,2,3,4,0,0,0
"Davenport-Moline-Rock Island, IA-IL","Davenport-Moline-Rock Island, IA-IL",47295,381.854,18059747,230.323,19340,20339874,53266.1017,0.8925,1.1175,-0.91260684,4.1087456,2,2,2,2,2,2,0,0,0
"Dayton, OH","Dayton, OH",45751,803.713,36770689,482.446,19430,37959200,47229.79472,1.085,1.205,-0.5002998,3.705984,2,3,4,2,3,4,0,0,0
"Decatur, AL","Decatur, AL",37050,151.888,5627400,74.111,19460,5342321,35172.76546,1.3725,1.495,-0.98815924,3.8511612,2,3,4,2,3,3,0,0,0
"Decatur, IL","Decatur, IL",45425,105.533,4793880,62.255,19500,6238665,59115.77421,0.51,1.02,-0.99899614,4.9873834,1,2,2,2,2,2,0,0,0
"Deltona-Daytona Beach-Ormond Beach, FL","Deltona-Daytona Beach-Ormond Beach, FL",41165,648.117,26679424,287.897,19660,18091856,27914.49075,2.1,2.57,0.4783041,1.0688713,2,3,3,2,3,3,0,0,0
"Denver-Aurora-Lakewood, CO","Denver-Aurora-Lakewood, CO",60604,2892.979,175325511,2036.345,19740,187126660,64683.03434,1.595,1.765,0.8363913,1.5290611,1,1,1,1,1,1,1,0,0
"Des Moines-West Des Moines, IA","Des Moines-West Des Moines, IA",51782,682.085,35319931,478.216,19780,43692327,64057.01196,1.085,1.205,-0.84009665,3.6620333,2,2,2,2,2,2,0,0,0
"Detroit-Warren-Dearborn, MI","Detroit-Warren-Dearborn, MI",50759,4321.704,219365974,2587.204,19820,233241705,53969.84731,1.085,1.205,0.05446281,1.2411451,2,3,4,2,3,4,0,0,0
"Dothan, AL","Dothan, AL",39194,147.923,5797729,78.563,20020,5055797,34178.57264,1.43,1.56,-0.9431387,4.2563744,2,3,3,2,3,3,0,0,0
"Dover, DE","Dover, DE",40438,176.445,7135135,92.106,20100,6621713,37528.48196,2.1,2.57,0.31534323,2.181916,2,3,4,2,3,3,0,0,0
"Dubuque, IA","Dubuque, IA",46242,97.009,4485869,73.007,20220,5120001,52778.61848,1.1175,1.2325,-0.9588186,4.6055536,2,2,3,2,3,4,0,0,0
"Duluth, MN-WI","Duluth, MN-WI",43835,289.175,12676101,170.506,20260,13587347,46986.58944,1.4,1.525,-0.2934594,2.0149717,2,3,4,2,2,4,0,0,0
"Durham-Chapel Hill, NC","Durham-Chapel Hill, NC",51158,625.865,32018021,434.703,20500,46804056,74782.98994,1.085,1.205,,,1,2,2,1,1,1,0,0,0
"East Stroudsburg, PA","East Stroudsburg, PA",40393,168.089,6789664,77.958,20700,5529321,32895.19838,2.0275,2.4525,,,1,1,1,1,1,1,0,0,0
"Eau Claire, WI","Eau Claire, WI",45188,167.436,7566094,110.621,20740,8260745,49336.73165,1.1775,1.2875,,,2,2,3,2,2,4,0,0,0
"El Centro, CA","El Centro, CA",36537,181.574,6634190,80.123,20940,8189014,45100.1465,1.63,1.81,,,1,1,1,1,1,1,0,1,1
"Elizabethtown-Fort Knox, KY","Elizabethtown-Fort Knox, KY",40922,150.531,6160042,77.349,21060,5349500,35537.53048,1.49,1.63,,,2,3,4,2,3,3,0,0,0
"Elkhart-Goshen, IN","Elkhart-Goshen, IN",45451,204.31,9286181,164.569,21140,11979393,58633.41491,0.51,1.02,-0.8325504,4.0081205,2,3,3,2,3,3,0,0,0
"Elmira, NY","Elmira, NY",42745,84.874,3627943,43.606,21300,3573676,42105.66251,1.0525,1.1775,-0.76975363,3.5560894,2,3,3,2,2,3,0,0,0
"El Paso, TX","El Paso, TX",34228,845.145,28927444,439.417,21340,28207727,33376.19817,1.43,1.56,0.7277706,2.3477886,1,1,1,1,1,1,0,1,1
"Enid, OK","Enid, OK",42493,61.492,2612964,37.566,21420,3345503,54405.4999,,,-0.46963257,3.8586347,1,2,2,1,1,2,0,0,0
"Erie, PA","Erie, PA",42308,273.892,11587938,157.998,21500,10860163,39651.26035,1.02,1.15,-0.6262951,1.6713277,1,2,2,2,1,1,0,0,0
"Eugene-Springfield, OR","Eugene, OR",43960,375.617,16512047,208.647,21660,14683029,39090.42722,1.765,2.0275,0.34311852,1.2243577,2,3,4,2,3,4,0,0,0
"Evansville, IN-KY","Evansville, IN-KY",45436,314.96,14310394,193.728,21780,15856790,50345.40894,1.15,1.26,-1.0457487,3.9929748,2,2,2,2,2,2,0,0,0
"Fairbanks, AK","Fairbanks, AK",53974,99.725,5382588,58.949,21820,5582087,55974.8007,1.765,2.0275,,,1,2,1,1,1,1,0,0,0
"Fargo, ND-MN","Fargo, ND-MN",50639,241.619,12235224,178.477,22020,12667707,52428.43899,1.0525,1.1775,-1.2707556,5.97526,2,3,3,2,3,4,0,0,0
"Farmington, NM","Farmington, NM",33613,126.902,4265534,62.225,22140,6189598,48774.62924,1.2875,1.4,,,1,2,1,1,1,2,0,0,1
"Fayetteville, NC","Fayetteville, NC",35245,517.609,18243302,255.597,22180,19004060,36715.08803,2.0275,2.4525,-0.508336,2.7050788,2,2,2,2,2,3,0,0,0
"Fayetteville-Springdale-Rogers, AR","Fayetteville-Springdale-Rogers, AR-MO",62633,515.633,32295738,314.551,22220,22927117,44464.02189,1.0175,1.2275,-0.40400937,2.064204,2,3,3,2,3,3,1,0,0
"Flagstaff, AZ","Flagstaff, AZ",46662,141.107,6584279,86.713,22380,6753461,47860.5668,1.49,1.63,-0.418257,3.1154153,2,3,3,2,3,4,0,0,0
"Flint, MI","Flint, MI",39380,407.673,16054031,187.742,22420,13162959,32288.03232,1.4,1.525,-0.3153763,2.750336,2,3,4,2,3,4,0,0,0
"Florence, SC","Florence, SC",38644,205.546,7943148,112.609,22500,8824777,42933.34339,1.0525,1.1775,-0.4279859,2.937962,1,2,2,1,1,1,0,0,0
"Florence-Muscle Shoals, AL","Florence-Muscle Shoals, AL",36129,147.1,5314526,75.573,22520,5103322,34692.87559,1.595,1.765,,,2,3,4,2,3,4,0,0,0
"Fond du Lac, WI","Fond du Lac, WI",46203,102.371,4729842,60.115,22540,4721376,46120.2489,1.205,1.315,,,2,3,3,2,2,4,0,0,0
"Fort Collins, CO","Fort Collins, CO",51497,343.993,17714530,233.281,22660,16121584,46866.02344,2.0275,2.4525,0.5740648,1.7872449,1,1,1,1,1,1,0,0,0
"Fort Smith, AR-OK","Fort Smith, AR-OK",36452,249.96,9111482,134.374,22900,8634927,34545.23524,1.15,1.26,-1.0431358,3.3567379,1,2,2,2,1,3,0,0,1
"Fort Wayne, IN","Fort Wayne, IN",44050,405.987,17883573,258.831,23060,20292855,49984.00195,1.2325,1.3425,-1.2196237,5.3610816,2,3,3,2,2,3,0,0,0
"Fresno, CA","Fresno, CA",41137,986.542,40583060,497.517,23420,41597807,42165.26717,1.495,1.64,0.90788496,1.8360769,1,2,1,1,1,1,0,0,0
"Gadsden, AL","Gadsden, AL",35542,102.937,3658631,50.527,23460,2746645,26682.77684,1.37,1.49,-0.50981665,3.406384,2,2,3,2,1,3,0,0,1
"Gainesville, FL","Gainesville, FL",40958,324.991,13310855,194.216,23540,13609063,41875.19962,1.02,1.15,0.07176816,2.4784896,2,3,3,2,3,3,0,0,0
"Gainesville, GA","Gainesville, GA",41856,199.439,8347634,116.052,23580,8440946,42323.44727,1.3725,1.495,,,2,3,3,2,3,3,0,0,0
"Gettysburg, PA","Gettysburg, PA",47020,102.367,4813310,48.936,23900,3476444,33960.59277,2.1,2.57,,,2,2,2,2,2,1,0,0,0
"Glens Falls, NY","Glens Falls, NY",45033,125.917,5670464,71.663,24020,5367379,42626.32528,1.4,1.525,-1.6048446,4.528373,1,1,1,1,1,1,0,0,0
"Goldsboro, NC","Goldsboro, NC",37309,123.257,4598543,59.175,24140,4702700,38153.61399,1.63,1.81,-0.42365012,3.1196246,1,2,2,1,1,1,0,0,0
"Grand Forks, ND-MN","Grand Forks, ND-MN",48339,102.277,4943960,72.535,24220,4980504,48696.22691,1.205,1.315,,,2,2,3,2,2,2,0,0,0
"Grand Island, NE","Grand Island, NE",42186,75.652,3191443,51.605,24260,3793270,50141.04055,1.02,1.15,,,1,1,1,1,1,1,0,0,0
"Grand Junction, CO","Grand Junction, CO",42239,151.406,6395255,88.939,24300,5970021,39430.54436,2.1,2.57,0.46126384,2.1279953,2,2,2,2,2,4,0,0,0
"Grand Rapids-Kentwood, MI","Grand Rapids-Wyoming, MI",47989,1063.926,51056825,717.718,24340,53368797,50162.13252,1.085,1.205,-0.14516415,2.38978,2,3,4,2,3,4,0,0,0
"Grants Pass, OR","Grants Pass, OR",39166,86.653,3393827,38.748,24420,2454025,28320.13894,2.57,,,,1,2,2,1,1,1,0,0,0
"Great Falls, MT","Great Falls, MT",45291,81.604,3695959,50.394,24500,3644181,44656.89182,1.765,2.0275,-0.00999154,3.072524,2,2,2,1,1,1,0,0,0
"Greeley, CO","Greeley, CO",44173,305.274,13484839,156.411,24540,18767550,61477.72165,2.1,2.57,0.44817808,2.521466,1,1,1,2,3,3,0,0,0
"Green Bay, WI","Green Bay, WI",49262,319.786,15753400,218.434,24580,18271480,57136.58509,1.145,1.26,0.57362556,2.0161753,1,2,2,2,2,2,0,0,0
"Greensboro-High Point, NC","Greensboro-High Point, NC",41701,763.486,31837816,473.309,24660,37721468,49406.88893,1.26,1.37,-0.29141775,3.0958705,1,2,2,1,1,1,0,0,0
"Greenville, NC","Greenville, NC",39873,178.617,7122044,100.461,24780,7719111,43215.99288,1.205,1.315,1.3913455,1.9563341,1,2,2,1,1,1,0,0,0
"Greenville-Anderson, SC","Greenville-Anderson-Mauldin, SC",42650,895.422,38189958,529.452,24860,39816849,44467.13282,1.315,1.43,-0.93512124,2.7141483,2,3,3,2,3,3,0,0,0
"Gulfport-Biloxi, MS","Gulfport-Biloxi-Pascagoula, MS",35672,412.946,14730604,217.984,25060,16951069,41049.1178,1.3425,1.46,-0.99127066,1.6021414,1,1,1,1,1,1,0,1,1
"Hagerstown-Martinsburg, MD-WV","Hagerstown-Martinsburg, MD-WV",42144,283.004,11926830,138.739,25180,10140729,35832.4582,2.0275,2.4525,0.33264944,2.493968,2,3,3,2,3,3,0,0,0
"Hammond, LA","Hammond, LA",37474,132.322,4958676,64.968,25220,3863443,29197.2839,2.2175,2.57,,,2,3,3,2,2,4,0,0,0
"Hanford-Corcoran, CA","Hanford-Corcoran, CA",34323,149.696,5137941,62.009,25260,5481134,36615.09994,1.525,1.675,,,1,1,1,1,1,1,0,1,1
"Harrisburg-Carlisle, PA","Harrisburg-Carlisle, PA",49987,571.101,28547475,417.661,25420,35022725,61324.92326,1.02,1.15,0.5364548,1.6292934,1,2,1,1,1,1,0,0,0
"Harrisonburg, VA","Harrisonburg, VA",38469,134.22,5163276,85.377,25500,6058956,45141.97586,1.15,1.26,,,2,2,3,2,2,3,0,0,0
"Hartford-East Hartford-Middletown, CT","Hartford-West Hartford-East Hartford, CT",61464,1206.719,74169244,820.493,25540,89872056,74476.37437,1.085,1.205,0.48542982,1.4960839,1,2,2,2,1,1,1,0,0
"Hattiesburg, MS","Hattiesburg, MS",37066,167.764,6218355,95.65,25620,5818906,34685.0695,1.315,1.43,,,1,2,1,1,1,1,0,0,0
"Hickory-Lenoir-Morganton, NC","Hickory-Lenoir-Morganton, NC",38119,367.004,13989716,198.295,25860,13716423,37374.04224,1.2875,1.4,-0.57666487,2.4136906,1,2,2,1,1,1,0,0,0
"Hilton Head Island-Bluffton, SC","Hilton Head Island-Bluffton-Beaufort, SC",50351,214.89,10819864,123.086,25940,7299580,33968.91433,2.57,,,,1,2,2,2,2,2,0,0,0
"Hinesville, GA","Hinesville, GA",32322,80.518,2602511,41.824,25980,3323217,41272.97002,2.1,2.57,,,2,3,3,2,3,3,0,0,0
"Homosassa Springs, FL","Homosassa Springs, FL",36614,145.512,5327715,49.862,26140,3414707,23466.84122,2.4525,2.57,,,2,3,3,2,3,3,0,0,0
"Hot Springs, AR","Hot Springs, AR",38629,98.444,3802782,52.438,26300,3003768,30512.45378,1.595,1.765,,,1,2,2,2,1,1,0,0,0
"Houma-Thibodaux, LA","Houma-Thibodaux, LA",41605,209.893,8732516,114.068,26380,9201863,43840.73314,1.315,1.43,,,1,2,2,1,1,1,0,0,0
"Houston-The Woodlands-Sugar Land, TX","Houston-The Woodlands-Sugar Land, TX",53479,6905.695,369310576,4180.623,26420,432329249,62604.7413,0.9575,1.1725,0.12848938,1.7410723,1,2,2,1,1,1,0,0,0
"Huntington-Ashland, WV-KY-OH","Huntington-Ashland, WV-KY-OH",37901,361.897,13716169,172.97,26580,14475058,39997.72864,1.315,1.43,-1.2046235,1.810303,2,2,2,2,2,2,0,0,0
"Huntsville, AL","Huntsville, AL",47442,455.741,21621268,294.365,26620,24113355,52910.21655,1.2875,1.4,-1.2436147,2.848342,2,3,3,2,2,3,0,0,0
"Idaho Falls, ID","Idaho Falls, ID",43646,145.792,6363267,91.395,26820,6200669,42530.92762,1.315,1.43,,,2,3,3,1,1,1,0,0,0
"Indianapolis-Carmel-Anderson, IN","Indianapolis-Carmel-Anderson, IN",52221,2026.723,105838229,1332.514,26900,122143721,60266.60821,1.1175,1.2325,-0.7448606,4.0038266,2,2,2,2,2,2,0,0,0
"Iowa City, IA","Iowa City, IA",50819,171.47,8713868,131.233,26980,9364567,54613.44258,1.3425,1.46,-0.83003175,4.4204044,1,2,2,1,1,2,0,0,0
"Ithaca, NY","Ithaca, NY",43466,102.678,4462964,69.929,27060,5355968,52162.76125,0.51,1.02,,,1,1,1,1,1,1,0,0,0
"Jackson, MI","Jackson, MI",38031,158.69,6035203,75.398,27100,5525960,34822.35806,1.4,1.525,,,2,2,4,2,2,4,0,0,0
"Jackson, MS","Jackson, MS",42035,599.401,25195571,383.21,27140,25053951,41798.31365,1.3425,1.46,-0.72970307,3.0016487,1,2,2,1,1,1,0,0,0
"Jackson, TN","Jackson, TN",38565,178.304,6876327,106.452,27180,7384394,41414.62895,1.0525,1.1775,-1.1300251,5.063777,2,3,3,2,3,4,0,0,0
"Jacksonville, FL","Jacksonville, FL",47830,1504.841,71976123,909.377,27260,71661716,47620.78917,1.675,1.8825,-0.022161968,1.0591615,2,3,3,2,3,3,0,0,0
"Jacksonville, NC","Jacksonville, NC",44836,194.838,8735704,115.95,27340,8005278,41086.84138,2.57,,,,1,2,1,1,1,1,0,0,0
"Janesville-Beloit, WI","Janesville-Beloit, WI",42189,162.32,6848101,85.315,27500,6634276,40871.58699,1.2325,1.3425,-0.27588543,3.3310556,1,2,1,2,1,2,0,0,0
"Jefferson City, MO","Jefferson City, MO",42259,151.298,6393676,101.279,27620,6468973,42756.50042,1.1175,1.2325,,,2,2,2,2,2,4,0,0,0
"Johnson City, TN","Johnson City, TN",38673,201.844,7805861,106.274,27740,6805407,33716.1719,1.56,1.72,-0.8663563,1.3518708,2,3,3,2,3,4,0,0,0
"Johnstown, PA","Johnstown, PA",40721,133.054,5418137,66.721,27780,4455663,33487.62908,1.205,1.315,0.4373934,1.8350359,1,2,2,2,2,1,0,0,0
"Jonesboro, AR","Jonesboro, AR",35330,131.158,4633788,76.95,27860,4463753,34033.40246,1.4325,1.565,,,2,3,4,2,3,4,0,0,0
"Joplin, MO","Joplin, MO",38856,178.33,6929259,102.375,27900,7030145,39422.11069,1.085,1.205,-1.3846338,6.3960743,2,3,4,2,3,4,0,0,0
"Kahului-Wailuku-Lahaina, HI","Kahului-Wailuku-Lahaina, HI",47322,166.491,7878703,108.761,27980,9073660,54499.40237,2.1,2.57,,,1,1,1,1,1,1,0,0,0
"Kalamazoo-Portage, MI","Kalamazoo-Portage, MI",46675,263.001,12275693,155.827,28020,12087272,45959.03438,1.205,1.315,0.04513974,2.4802504,2,3,4,2,3,4,0,0,0
"Kankakee, IL","Kankakee, IL",39602,110.544,4377733,56.624,28100,4366489,39500.00905,1.1775,1.2875,0.001125134,3.1808586,2,3,4,2,2,4,0,0,0
"Kansas City, MO-KS","Kansas City, MO-KS",51717,2127.259,110016377,1389.62,28140,117992341,55466.84301,1.1775,1.2875,-0.79256713,3.1908052,2,2,2,2,2,4,0,0,0
"Kennewick-Richland, WA","Kennewick-Richland, WA",43064,290.57,12513028,152.252,28420,13583256,46746.93189,1.525,1.675,0.7886852,2.2897198,1,1,1,1,1,1,0,0,0
"Killeen-Temple, TX","Killeen-Temple, TX",40717,443.653,18064319,229.364,28660,16523551,37244.31256,1.675,1.8825,-1.0092105,4.5897794,2,3,3,2,2,3,0,0,0
"Kingsport-Bristol, TN-VA","Kingsport-Bristol-Bristol, TN-VA",38369,306.253,11750493,158.483,28700,11775436,38450.02661,1.3725,1.495,,,1,2,3,2,3,3,0,0,0
"Kingston, NY","Kingston, NY",48508,178.723,8669500,91.007,28740,6184371,34603.10648,2.0275,2.4525,,,1,1,2,2,2,1,0,0,0
"Knoxville, TN","Knoxville, TN",43770,852.673,37321823,508.476,28940,37689515,44201.60484,1.315,1.43,-0.37212443,1.4200677,2,3,3,2,3,4,0,0,0
"Kokomo, IN","Kokomo, IN",39916,82.311,3285555,49.953,29020,5268619,64008.68657,0.51,1.02,-0.95596826,4.9113264,2,3,4,2,3,4,0,0,0
"La Crosse-Onalaska, WI-MN","La Crosse-Onalaska, WI-MN",48094,136.778,6578165,97.155,29100,6817787,49845.64038,0.6375,1.0525,0.41301635,2.178696,2,3,3,2,2,4,0,0,0
"Lafayette, LA","Lafayette, LA",41832,490.107,20502118,286.617,29180,20970840,42788.28909,1.3425,1.46,-1.0335966,4.844548,2,2,2,1,1,1,0,0,0
"Lafayette-West Lafayette, IN","Lafayette-West Lafayette, IN",37534,228.535,8577730,127.572,29200,9241476,40437.90229,1.205,1.315,-0.3441132,2.484033,1,2,2,1,1,1,0,0,0
"Lake Charles, LA","Lake Charles, LA",46206,209.256,9668869,143.33,29340,15880707,75891.28627,0.51,1.02,-1.0483427,2.322959,2,3,3,2,3,4,0,0,0
"Lake Havasu City-Kingman, AZ","Lake Havasu City-Kingman, AZ",31742,207.114,6574242,69.977,29420,4900560,23661.17211,2.57,,,,2,2,2,1,1,2,0,0,1
"Lakeland-Winter Haven, FL","Lakeland-Winter Haven, FL",34591,685.83,23723273,301.085,29460,21816610,31810.52156,1.72,1.955,0.2610534,1.563471,2,3,3,2,3,3,0,0,0
"Lancaster, PA","Lancaster, PA",49961,541.054,27031379,334.809,29540,25768354,47626.21476,1.3425,1.46,0.28924814,2.2425003,1,2,2,1,1,1,0,0,0
"Lansing-East Lansing, MI","Lansing-East Lansing, MI",39981,548.812,21942006,300.251,29620,21810294,39740.92039,1.085,1.205,0.1927484,2.5759208,2,3,4,2,3,4,0,0,0
"Laredo, TX","Laredo, TX",30153,273.982,8261470,142.17,29700,12794056,46696.7027,1.02,1.15,,,1,2,1,1,1,1,0,0,1
"Las Cruces, NM","Las Cruces, NM",35144,216.186,7597698,100.148,29740,6712348,31048.94859,1.63,1.81,,,2,2,2,2,2,4,0,0,0
"Las Vegas-Henderson-Paradise, NV","Las Vegas-Henderson-Paradise, NV",45087,2183.31,98439211,1306.107,29820,101392420,46439.77264,1.63,1.81,-0.6918355,1.385496,1,2,1,1,1,1,0,0,0
"Lawrence, KS","Lawrence, KS",41899,120.629,5054290,73.719,29940,4404306,36511.17061,1.4,1.525,-0.5781117,3.8567474,2,2,3,2,3,4,0,0,0
"Lawton, OK","Lawton, OK",39614,127.589,5054333,68.739,30020,4512201,35365.12552,1.63,1.81,,,2,3,3,2,3,3,0,0,0
"Lebanon, PA","Lebanon, PA",46194,139.566,6447129,67.479,30140,5473599,39218.71373,1.765,2.0275,,,1,1,1,1,1,1,0,0,0
"Lewiston, ID-WA","Lewiston, ID-WA",43771,62.881,2752378,36.518,30300,2515313,40001.16092,1.595,1.765,,,1,3,3,1,1,1,0,0,0
"Lewiston-Auburn, ME","Lewiston-Auburn, ME",39600,107.569,4259690,62.683,30340,4147966,38560.97946,1.085,1.205,0.9728033,2.2408197,2,3,4,2,3,4,0,0,0
"Lexington-Fayette, KY","Lexington-Fayette, KY",46387,512.732,23783859,356.827,30460,25865000,50445.45689,1.1775,1.2875,0.1869609,2.6255813,2,3,3,2,3,3,0,0,0
"Lima, OH","Lima, OH",40712,103.069,4196097,63.99,30620,7249480,70336.18256,0.51,1.02,-0.88453645,4.628184,2,3,4,2,3,4,0,0,0
"Lincoln, NE","Lincoln, NE",47575,331.179,15755684,231.07,30700,17029139,51419.7428,1.1775,1.2875,0.7611754,2.6234624,1,2,2,1,1,1,0,0,0
"Little Rock-North Little Rock-Conway, AR","Little Rock-North Little Rock-Conway, AR",43901,737.991,32398653,459.487,30780,33865487,45888.75339,1.315,1.43,-0.84868586,2.7923145,2,3,3,2,3,3,0,0,0
"Logan, UT-ID","Logan, UT-ID",37269,138.052,5145071,83.619,30860,4983857,36101.30241,1.56,1.72,,,2,3,4,2,2,3,0,0,0
"Longview, TX","Longview, TX",39526,285.134,11270199,170.163,30980,15519519,54428.86152,1.2325,1.3425,-1.2839355,4.74681,2,3,4,2,3,3,0,0,0
"Longview, WA","Longview, WA",43046,106.9,4601607,50.108,31020,4351020,40701.77736,1.81,2.1,,,2,3,4,2,2,3,0,0,0
"Los Angeles-Long Beach-Anaheim, CA","Los Angeles-Long Beach-Anaheim, CA",60649,13298.709,806547539,8685.121,31080,912491020,68615.00767,1.765,2.0275,0.49499214,0.6265944,1,1,1,1,1,1,1,0,0
"Louisville/Jefferson County, KY-IN","Louisville/Jefferson County, KY-IN",48163,1260.391,60704406,819.134,31140,62960211,49952.92017,1.0525,1.1775,-0.46531576,2.3400092,2,3,3,2,3,3,0,0,0
"Lubbock, TX","Lubbock, TX",40416,316.588,12795311,198.855,31180,12693422,40094.45083,1.1175,1.2325,-0.7404839,4.326721,2,3,3,2,2,4,0,0,0
"Lynchburg, VA","Lynchburg, VA",38720,261.954,10142865,136.887,31340,9248387,35305.38568,1.56,1.72,-0.8257174,2.8959186,2,3,3,2,3,3,0,0,0
"Macon-Bibb County, GA","Macon, GA",39399,229.081,9025569,136.684,31420,10088993,44041.16011,1.1175,1.2325,-0.83931273,3.620202,2,3,3,2,3,3,0,0,0
"Madera, CA","Madera, CA",38062,155.904,5933946,64.699,31460,6658105,42706.44114,1.81,2.1,,,1,1,1,1,1,1,0,0,0
"Madison, WI","Madison, WI",56695,654.577,37111247,506.517,31540,45492200,69498.62277,1.085,1.205,0.40438956,2.2471561,1,2,2,2,2,2,1,0,0
"Manchester-Nashua, NH","Manchester-Nashua, NH",58305,413.157,24089099,272.444,31700,24782415,59983.04519,1.4025,1.53,,,1,1,1,1,1,1,1,0,0
"Manhattan, KS","Manhattan, KS",44212,131.587,5817725,90.114,31740,6308970,47945.23775,1.085,1.205,,,1,2,2,1,2,2,0,0,0
"Mankato, MN","Mankato-North Mankato, MN",44871,100.945,4529513,71.585,31860,5537542,54857.02115,1.315,1.43,,,2,3,4,2,3,4,0,0,0
"Mansfield, OH","Mansfield, OH",37865,120.543,4564417,64.605,31900,4324887,35878.37535,1.1775,1.2875,-0.90952533,4.3915715,2,3,4,2,3,4,0,0,0
"McAllen-Edinburg-Mission, TX","McAllen-Edinburg-Mission, TX",25451,858.323,21845363,375.913,32580,20381184,23745.3546,1.3425,1.46,-0.44865185,3.6774044,2,3,3,2,3,3,0,0,0
"Medford, OR","Medford, OR",44533,216.761,9653010,122.841,32780,7957275,36709.90169,2.1,2.57,0.84818846,1.38683,2,3,4,2,2,3,0,0,0
"Memphis, TN-MS-AR","Memphis, TN-MS-AR",44655,1339.29,59806264,850.468,32820,66457886,49621.72942,1.02,1.15,1.1808224,1.7646465,2,3,3,2,3,4,0,0,0
"Merced, CA","Merced, CA",38037,271.34,10320877,104.048,32900,9504388,35027.59637,1.675,1.8825,0.63786805,2.3867307,1,1,1,1,1,1,0,0,0
"Miami-Fort Lauderdale-Pompano Beach, FL","Miami-Fort Lauderdale-West Palm Beach, FL",54409,6149.687,334597043,3968.762,33100,306141923,49781.70808,1.495,1.64,0.83278453,0.62442166,2,3,3,2,3,4,0,0,0
"Michigan City-La Porte, IN","Michigan City-La Porte, IN",40561,109.911,4458143,53.246,33140,3848432,35014.07502,1.46,1.595,,,2,3,3,2,2,4,0,0,0
"Midland, MI","Midland, MI",58229,83.245,4847268,47.327,33220,4882666,58654.16542,0.8575,1.1675,,,2,3,4,2,2,4,1,0,0
"Midland, TX","Midland, TX",108595,170.948,18564171,146.966,33260,28703870,167909.9492,0.51,1.02,,,2,2,2,1,1,1,1,0,0
"Milwaukee-Waukesha, WI","Milwaukee-Waukesha-West Allis, WI",54216,1575.151,85397956,1054.13,33340,90473698,57438.11101,1.085,1.205,0.4569242,1.0286416,1,2,1,1,1,2,0,0,0
"Minneapolis-St. Paul-Bloomington, MN-WI","Minneapolis-St. Paul-Bloomington, MN-WI",60167,3577.765,215263552,2503.165,33460,231078542,64587.40079,1.2875,1.4025,0.377654,1.4473755,1,2,2,2,2,4,1,0,0
"Missoula, MT","Missoula, MT",47086,117.863,5549745,83.918,33540,4844547,41103.20457,1.765,2.0275,,,1,2,2,1,1,1,0,0,0
"Mobile, AL","Mobile, AL",36705,431.047,15821495,242.879,33660,18417975,42728.46117,1.1175,1.2325,-0.9985673,2.0380118,2,3,3,1,1,2,0,0,1
"Modesto, CA","Modesto, CA",42354,545.267,23094445,247.366,33700,21993425,40335.14773,1.765,2.0275,0.24703155,2.1665163,1,1,1,1,1,1,0,0,0
"Monroe, LA","Monroe, LA",38726,203.898,7896114,116.52,33740,8411633,41254.12216,1.3425,1.46,-0.85972834,3.5773146,2,2,3,2,2,4,0,0,0
"Monroe, MI","Monroe, MI",45498,149.592,6806075,57.797,33780,5598240,37423.39163,1.955,2.335,,,2,2,3,2,2,4,0,0,0
"Montgomery, AL","Montgomery, AL",41592,374.042,15557315,228.227,33860,15949874,42641.93326,1.3725,1.495,-0.991755,3.5814338,2,2,3,2,3,3,0,0,0
"Morgantown, WV","Morgantown, WV",40728,139.739,5691282,86.031,34060,6814633,48766.86537,1.1175,1.2325,,,1,2,1,1,1,1,0,0,0
"Morristown, TN","Morristown, TN",34280,140.967,4832342,66.904,34100,4544914,32240.97839,1.4,1.525,,,2,3,3,2,3,3,0,0,0
"Mount Vernon-Anacortes, WA","Mount Vernon-Anacortes, WA",50119,126.026,6316247,69.176,34580,7122050,56512.54503,1.955,2.335,,,2,3,4,2,3,3,0,0,0
"Muncie, IN","Muncie, IN",35713,115.389,4120845,60.37,34620,3827953,33174.33204,0.51,1.02,,,2,3,3,2,2,2,0,0,0
"Muskegon, MI","Muskegon, MI",37207,173.656,6461284,81.297,34740,5922919,34107.19468,1.1775,1.2875,,,2,3,4,2,3,4,0,0,0
"Myrtle Beach-Conway-North Myrtle Beach, SC-NC","Myrtle Beach-Conway-North Myrtle Beach, SC-NC",37565,463.386,17407041,231.531,34820,14573758,31450.579,2.57,,-0.8307686,1.8298993,1,2,2,2,2,3,0,0,0
"Napa, CA","Napa, CA",69791,140.386,9797716,104.814,34900,9506546,67717.19402,1.81,2.1,,,1,1,1,1,1,1,1,0,0
"Naples-Marco Island, FL","Naples-Immokalee-Marco Island, FL",87092,372.345,32428403,222.912,34940,15140542,40662.67037,2.4525,2.57,0.28914294,1.2103633,2,3,3,2,3,3,1,0,0
"Nashville-Davidson--Murfreesboro--Franklin, TN","Nashville-Davidson--Murfreesboro--Franklin, TN",55382,1875.736,103882532,1328.037,34980,113138597,60316.90867,1.315,1.43,-0.40588725,2.2373788,2,3,3,2,3,4,0,0,0
"New Bern, NC","New Bern, NC",41547,125.01,5193736,67.648,35100,4732591,37857.69938,1.8825,2.2175,,,1,2,2,1,1,1,0,0,0
"New Haven-Milford, CT","New Haven-Milford, CT",53605,857.794,45981789,507.383,35300,47266161,55101.99535,1.3425,1.46,0.19096313,0.97508156,1,2,2,1,1,1,0,0,0
"New Orleans-Metairie, LA","New Orleans-Metairie, LA",49799,1270.465,63267329,801.449,35380,72614343,57155.72094,1.315,1.43,-1.2392069,0.80832744,1,2,1,2,1,2,0,0,0
"New York-Newark-Jersey City, NY-NJ-PA","New York-Newark-Jersey City, NY-NJ-PA",72951,19325.698,1409827684,12604.575,35620,1508145135,78038.32674,1.14,1.26,0.5402692,1.1187004,1,2,1,2,2,1,1,0,0
"Niles, MI","Niles-Benton Harbor, MI",45651,154.362,7046806,83.707,35660,6828838,44239.11325,1.3725,1.495,-0.42084888,2.0585573,2,2,2,2,2,3,0,0,0
"North Port-Sarasota-Bradenton, FL","North Port-Sarasota-Bradenton, FL",53730,805.139,43260349,435.243,35840,29166615,36225.56478,2.1,2.57,0.9218807,0.9216967,2,3,3,2,3,4,0,0,0
"Norwich-New London, CT","Norwich-New London, CT",56545,267.826,15144163,167.734,35980,16914681,63155.48528,1.145,1.26,0.45581627,1.4649011,2,3,4,2,3,4,1,0,0
"Ocala, FL","Ocala, FL",35719,353.717,12634266,150.635,36100,8922757,25225.69455,2.1,2.57,2.2292984,1.7342399,2,3,3,2,3,3,0,0,0
"Ocean City, NJ","Ocean City, NJ",57976,93.184,5402435,61.744,36140,4757727,51057.33817,2.335,2.57,,,2,3,4,1,1,1,1,0,0
"Odessa, TX","Odessa, TX",42548,157.173,6687437,95.572,36220,11722833,74585.5395,0.51,1.02,,,2,3,3,1,1,1,0,0,0
"Ogden-Clearfield, UT","Ogden-Clearfield, UT",41795,664.589,27776744,358.258,36260,25098089,37764.82759,2.1,2.57,,,2,3,4,2,3,4,0,0,0
"Oklahoma City, OK","Oklahoma City, OK",45951,1383.249,63561386,869.931,36420,77302505,55884.73586,1.205,1.315,-0.3716212,3.2940452,2,2,3,2,2,4,0,0,0
"Olympia-Lacey-Tumwater, WA","Olympia-Tumwater, WA",48820,280.289,13683817,150.093,36500,11737238,41875.48566,2.1,2.57,0.574029,1.7508687,2,3,4,1,1,1,0,0,0
"Omaha-Council Bluffs, NE-IA","Omaha-Council Bluffs, NE-IA",55229,932.217,51485749,632.842,36540,55649803,59696.18984,1.205,1.315,-0.55850136,3.470304,1,2,1,1,1,1,0,0,0
"Orlando-Kissimmee-Sanford, FL","Orlando-Kissimmee-Sanford, FL",41748,2512.917,104909584,1651.404,36740,119246663,47453.48255,1.43,1.56,0.31624892,1.1201638,2,3,3,2,3,4,0,0,0
"Oshkosh-Neenah, WI","Oshkosh-Neenah, WI",46131,170.375,7859570,116.298,36780,9131319,53595.41599,0.51,1.02,,,1,2,2,2,2,2,0,0,0
"Owensboro, KY","Owensboro, KY",40016,118.543,4743650,67.869,36980,5150432,43447.79531,1.1175,1.2325,,,2,3,3,2,3,3,0,0,0
"Oxnard-Thousand Oaks-Ventura, CA","Oxnard-Thousand Oaks-Ventura, CA",58761,850.802,49994234,466.151,37100,52776068,62030.96373,2.57,,1.2058959,0.7495063,1,1,1,1,1,1,1,0,0
"Palm Bay-Melbourne-Titusville, FL","Palm Bay-Melbourne-Titusville, FL",43371,588.265,25513929,292.233,37340,22465459,38189.35174,1.72,1.955,0.4130658,0.9328778,2,3,3,2,3,3,0,0,0
"Panama City, FL","Panama City, FL",41499,184.046,7637747,108.405,37460,7463278,40551.15569,1.495,1.64,,,2,3,3,2,3,3,0,0,0
"Parkersburg-Vienna, WV","Parkersburg-Vienna, WV",39010,90.873,3544962,47.506,37620,3356685,36938.19947,1.1175,1.2325,-0.6653284,2.51822,2,3,3,2,2,3,0,0,0
"Pensacola-Ferry Pass-Brent, FL","Pensacola-Ferry Pass-Brent, FL",41592,487.327,20268694,248.415,37860,17431830,35770.29387,1.955,2.335,-0.8569118,1.4766289,2,3,4,2,3,4,0,0,0
"Peoria, IL","Peoria, IL",45851,406.905,18657019,224.827,37900,22012933,54098.45787,0.8925,1.1175,-0.37754768,3.227832,2,3,4,2,2,4,0,0,0
"Philadelphia-Camden-Wilmington, PA-NJ-DE-MD","Philadelphia-Camden-Wilmington, PA-NJ-DE-MD",61094,6078.451,371354629,3793.735,37980,388791070,63962.1953,1.315,1.43,1.126679,1.6450509,1,2,2,2,2,1,1,0,0
"Phoenix-Mesa-Chandler, AZ","Phoenix-Mesa-Scottsdale, AZ",44208,4761.694,210503331,2701.966,38060,217895725,45760.12759,1.675,1.8825,0.61092466,1.6135566,1,2,1,2,2,4,0,0,0
"Pine Bluff, AR","Pine Bluff, AR",33224,90.923,3020818,43.021,38220,3344188,36780.44059,0.6375,1.0525,-1.7647055,12.148008,2,3,3,2,2,3,0,0,0
"Pittsburgh, PA","Pittsburgh, PA",54471,2330.283,126933158,1479.693,38300,134322913,57642.31769,0.765,1.085,0.09829904,1.204991,1,2,2,1,1,1,0,0,0
"Pittsfield, MA","Pittsfield, MA",54135,126.485,6847305,85.969,38340,6563795,51893.86093,1.1775,1.2875,-0.60347074,2.704568,1,2,2,2,2,4,0,0,0
"Pocatello, ID","Pocatello, ID",36884,93.289,3440825,52.135,38540,3072557,32935.89812,1.64,1.8375,-0.5609774,3.6492124,1,2,2,1,1,1,0,0,1
"Portland-South Portland, ME","Portland-South Portland, ME",54914,532.28,29229661,377.393,38860,27521358,51704.66296,1.72,1.955,0.7431564,1.4235411,2,3,4,2,3,4,0,0,0
"Portland-Vancouver-Hillsboro, OR-WA","Portland-Vancouver-Hillsboro, OR-WA",54014,2456.462,132683509,1572.32,38900,143680585,58490.8641,1.63,1.81,0.2674773,1.0669582,2,3,3,2,3,4,0,0,0
"Port St. Lucie, FL","Port St. Lucie, FL",51824,473.192,24522711,218.465,38940,14844261,31370.48175,2.57,,0.44561318,1.1887226,2,3,4,2,2,4,0,0,0
"Prescott Valley-Prescott, AZ","Prescott, AZ",38381,228.055,8753027,99.201,39150,6263132,27463.25229,2.57,,,,2,3,3,2,2,4,0,0,0
"Providence-Warwick, RI-MA","Providence-Warwick, RI-MA",52147,1617.057,84324547,941.495,39300,76611155,47376.90446,1.595,1.765,1.8920596,1.6055467,2,3,3,2,3,4,0,0,0
"Provo-Orem, UT","Provo-Orem, UT",38802,617.751,23969840,351.448,39340,23037069,37291.83603,1.955,2.335,0.20841809,1.2173239,2,3,4,2,3,3,0,0,0
"Pueblo, CO","Pueblo, CO",37540,166.426,6247636,80.347,39380,5936817,35672.41296,1.63,1.81,,,1,2,2,2,3,4,0,0,0
"Punta Gorda, FL","Punta Gorda, FL",39868,181.537,7237457,71.596,39460,4518513,24890.31437,2.57,,,,2,3,3,2,3,4,0,0,0
"Racine, WI","Racine, WI",47419,195.949,9291789,95.407,39540,8206941,41883.0461,1.56,1.72,-0.21236911,1.7746772,1,2,2,1,2,2,0,0,0
"Raleigh, NC","Raleigh, NC",52219,1334.342,69678276,847.287,39580,71856766,53851.83559,1.72,1.955,0.63762254,2.109414,1,2,2,1,1,1,0,0,0
"Rapid City, SD","Rapid City, SD",47885,138.203,6617799,92.669,39660,5793802,41922.404,1.63,1.81,-0.73510665,3.8213954,2,3,3,2,3,4,0,0,0
"Reading, PA","Reading, PA",47412,417.524,19795515,225.937,39740,17911239,42898.70522,1.26,1.37,0.5510229,2.0302742,2,2,2,1,1,1,0,0,0
"Redding, CA","Redding, CA",44480,179.539,7985961,90.997,39820,7635618,42529.02155,1.8825,2.2175,0.027869297,1.8249019,1,1,1,1,1,1,0,0,0
"Reno, NV","Reno, NV",56120,461.336,25890156,302.436,39900,24833406,53829.32613,1.72,1.955,-0.30601346,1.3864645,1,2,1,2,2,3,0,0,0
"Richmond, VA","Richmond, VA",55282,1269.478,70179218,851.572,40060,74128689,58393.04738,1.46,1.595,-0.37779462,2.5996091,1,2,2,2,3,3,0,0,0
"Riverside-San Bernardino-Ontario, CA","Riverside-San Bernardino-Ontario, CA",38821,4570.427,177428094,2061.135,40140,159582093,34916.23277,2.57,,0.5258856,0.9431942,1,1,1,1,1,1,0,0,0
"Roanoke, VA","Roanoke, VA",45076,313.488,14130719,197.07,40220,14791179,47182.60029,1.4,1.525,-0.55422455,2.026449,1,2,2,2,1,3,0,0,0
"Rochester, MN","Rochester, MN",51971,217.828,11320741,150.559,40340,12078681,55450.54355,1.085,1.205,,,2,2,3,1,1,1,0,0,0
"Rochester, NY","Rochester, NY",49625,1071.589,53177211,651.967,40380,56587691,52807.27126,1.02,1.15,-0.057178676,1.4036162,1,1,2,1,1,1,0,0,0
"Rockford, IL","Rockford, IL",42121,338.252,14247623,183.852,40420,14251552,42132.9423,0.8925,1.1175,-0.5298573,3.684496,1,2,1,1,1,1,0,0,0
"Rocky Mount, NC","Rocky Mount, NC",37764,146.769,5542645,73.568,40580,9095290,61970.10268,1.43,1.56,-0.5157553,3.0798628,1,2,2,1,1,1,0,0,0
"Rome, GA","Rome, GA",37003,97.427,3605099,53.013,40660,3778121,38778.9935,1.085,1.205,,,2,3,4,2,3,3,0,0,0
"Sacramento-Roseville-Folsom, CA","Sacramento--Roseville--Arden-Arcade, CA",54010,2320.381,125324628,1342.266,40900,124292926,53565.74028,1.81,2.1,,,1,1,1,1,1,1,0,0,0
"Saginaw, MI","Saginaw, MI",37286,191.996,7158836,107.633,40980,7943763,41374.6276,0.6375,1.0525,-0.011556488,2.2259817,2,3,4,2,3,3,0,0,0
"St. Cloud, MN","St. Cloud, MN",44679,198.106,8851230,138.137,41060,9473689,47821.31283,1.085,1.205,-0.114927515,2.561532,2,3,4,2,1,1,0,0,0
"St. George, UT","St. George, UT",36809,165.859,6105133,94.833,41100,5116834,30850.50555,2.1,2.57,,,1,1,1,1,1,1,0,1,1
"St. Joseph, MO-KS","St. Joseph, MO-KS",37934,126.598,4802388,72.88,41140,5096338,40256.0704,0.6375,1.0525,-1.5072727,7.939646,2,3,3,2,2,4,0,0,0
"St. Louis, MO-IL","St. Louis, MO-IL",52944,2805.85,148554261,1776.914,41180,147633364,52616.27101,1.26,1.3725,-0.7286122,2.3558264,2,2,3,2,2,4,0,0,0
"Salem, OR","Salem, OR",40811,424.968,17343161,221.909,41420,15672140,36878.40026,1.595,1.765,0.40532306,1.6449219,2,3,3,2,1,3,0,0,0
"Salinas, CA","Salinas, CA",53989,435.477,23511124,249.641,41500,25149109,57750.71703,1.8825,2.2175,0.28531894,1.100336,2,3,3,2,3,3,0,0,0
"Salisbury, MD-DE","Salisbury, MD-DE",46722,404.067,18878866,219.877,41540,21898288,54194.69543,2.1,2.57,,,1,1,1,1,1,1,0,0,0
"Salt Lake City, UT","Salt Lake City, UT",49048,1205.238,59114954,921.723,41620,79689409,66119.23039,1.205,1.315,-0.030384822,0.74531084,1,1,1,1,1,1,0,0,0
"San Angelo, TX","San Angelo, TX",43896,120.501,5289508,73.41,41660,7357518,61057.73396,1.37,1.49,,,1,1,1,1,1,1,0,0,0
"San Antonio-New Braunfels, TX","San Antonio-New Braunfels, TX",44874,2474.274,111030910,1455.46,41700,115793452,46798.96083,1.43,1.56,-0.21295145,2.9820375,1,1,1,1,1,1,0,0,0
"San Diego-Chula Vista-Carlsbad, CA","San Diego-Carlsbad, CA",58097,3325.468,193199828,2119.705,41740,210693896,63357.66755,1.955,2.335,0.46282488,0.6727623,1,1,1,1,1,1,1,0,0
"San Francisco-Oakland-Berkeley, CA","San Francisco-Oakland-Hayward, CA",92638,4710.693,436388051,3351.475,41860,472872746,100382.8409,1.53,1.685,0.67213905,0.68289673,1,2,1,1,1,1,1,0,0
"San Jose-Sunnyvale-Santa Clara, CA","San Jose-Sunnyvale-Santa Clara, CA",98690,1993.582,196747512,1430.272,41940,289710772,145321.7234,0.8925,1.1175,0.20881456,0.76032656,1,1,1,1,1,1,1,0,0
"San Luis Obispo-Paso Robles, CA","San Luis Obispo-Paso Robles-Arroyo Grande, CA",55635,282.838,15735750,173.13,42020,16138584,57059.4616,2.57,,1.115155,1.2240349,1,1,1,1,1,1,0,0,0
"Santa Cruz-Watsonville, CA","Santa Cruz-Watsonville, CA",64901,275.105,17854678,155.451,42100,13520021,49144.94829,2.57,,0.7640807,1.1887424,2,3,3,2,3,3,1,0,0
"Santa Fe, NM","Santa Fe, NM",55273,149.617,8269830,93.813,42140,5748226,38419.60472,2.4525,2.57,0.020290686,2.1905851,1,2,2,1,1,1,0,0,0
"Santa Maria-Santa Barbara, CA","Santa Maria-Santa Barbara, CA",59633,445.606,26572680,276.436,42200,26861059,60279.84138,1.8825,2.2175,0.87240803,0.8891545,1,2,2,1,1,1,1,0,0
"Santa Rosa-Petaluma, CA","Santa Rosa, CA",60170,503.246,30280366,304.145,42220,27421167,54488.59405,2.4525,2.57,1.3241285,1.0017296,2,3,3,1,1,1,1,0,0
"Savannah, GA","Savannah, GA",44755,386.337,17290550,234.619,42340,18839697,48764.93062,1.595,1.765,-0.52421963,1.4564685,2,3,3,2,3,3,0,0,0
"Scranton--Wilkes-Barre--Hazleton, PA","Scranton--Wilkes-Barre--Hazleton, PA",43905,555.645,24395784,324.831,42540,25497710,45888.48995,1.02,1.15,0.007646776,1.6165924,1,2,2,2,2,2,0,0,0
"Seattle-Tacoma-Bellevue, WA","Seattle-Tacoma-Bellevue, WA",69913,3884.469,271575069,2611.999,42660,332835662,85683.69628,1.46,1.595,1.1312938,1.0451405,2,3,3,2,2,4,1,0,0
"Sebastian-Vero Beach, FL","Sebastian-Vero Beach, FL",72149,154.314,11133656,80.405,42680,5130162,33244.95509,2.335,2.57,,,1,2,2,1,1,3,1,0,0
"Sebring-Avon Park, FL","Sebring, FL",32922,104.06,3425904,40.633,42700,2547217,24478.34903,1.81,2.1,,,2,3,3,2,3,3,0,0,0
"Sheboygan, WI","Sheboygan, WI",50722,115.235,5844985,74.532,43100,6619831,57446.35744,0.51,1.02,,,2,2,2,2,2,4,0,0,0
"Sherman-Denison, TX","Sherman-Denison, TX",40662,131.214,5335477,69.718,43300,4475124,34105.53752,1.26,1.3725,-1.0083613,4.7490015,2,3,3,2,3,3,0,0,0
"Shreveport-Bossier City, LA","Shreveport-Bossier City, LA",43808,400.357,17538748,239.096,43340,22104981,55213.17474,1.595,1.765,,,2,2,2,2,2,2,0,0,0
"Sierra Vista-Douglas, AZ","Sierra Vista-Douglas, AZ",39165,124.99,4895203,51.109,43420,4259736,34080.61445,2.1,2.57,,,1,2,2,2,2,3,0,0,0
"Sioux City, IA-NE-SD","Sioux City, IA-NE-SD",48058,143.127,6878449,95.052,43580,7495029,52366.28309,0.6375,1.0525,-1.1173003,5.3568873,2,3,4,1,1,1,0,0,0
"Sioux Falls, SD","Sioux Falls, SD",57299,260.521,14927674,201.21,43620,17267303,66279.88915,1.085,1.205,-0.96180904,4.645673,2,3,3,2,2,3,1,0,0
"South Bend-Mishawaka, IN-MI","South Bend-Mishawaka, IN-MI",45624,321.447,14665803,176.994,43780,13096715,40742.99962,1.205,1.315,-1.2400913,4.3622136,2,2,4,1,1,1,0,0,0
"Spartanburg, SC","Spartanburg, SC",41783,306.632,12812008,180.478,43900,13125872,42806.59553,1.2325,1.3425,,,1,2,2,2,2,4,0,0,0
"Spokane-Spokane Valley, WA","Spokane-Spokane Valley, WA",44006,550.595,24229248,315.316,44060,23558813,42787.91671,1.63,1.81,0.68721837,1.6441077,2,3,4,2,3,4,0,0,0
"Springfield, IL","Springfield, IL",46056,209.175,9633687,128.998,44100,10377290,49610.56532,0.51,1.02,,,1,2,1,2,1,1,0,0,0
"Springfield, MA","Springfield, MA",50057,700.293,35054755,408.468,44140,30181745,43098.73867,1.2325,1.3425,0.71673334,1.5232978,2,3,3,2,3,4,0,0,0
"Springfield, MO","Springfield, MO",40306,462.3,18633452,283.362,44180,17629924,38135.24551,1.4,1.525,-0.75128365,3.5972419,2,3,3,2,2,4,0,0,0
"Springfield, OH","Springfield, OH",39235,134.649,5282966,62.171,44220,4352218,32322.69085,1.43,1.56,,,1,2,2,2,1,1,0,0,0
"State College, PA","State College, PA",44527,162.25,7224437,119.115,44300,7926572,48854.06471,1.15,1.26,0.7740856,2.4057698,1,2,1,1,1,1,0,0,0
"Staunton, VA","Staunton-Waynesboro, VA",42622,121.984,5199161,65.173,44420,4842978,39701.74777,1.63,1.81,,,1,2,2,1,1,1,0,0,0
"Stockton, CA","Stockton-Lodi, CA",42391,742.516,31475861,331.977,44700,28027041,37746.04318,2.1,2.57,0.58965874,2.072873,1,1,1,1,1,1,0,0,0
"Sumter, SC","Sumter, SC",35768,140.514,5025970,66.275,44940,4251788,30258.82119,1.56,1.72,-0.9014547,3.8401868,1,2,1,1,1,1,0,0,1
"Syracuse, NY","Syracuse, NY",48009,651.048,31256367,383.083,45060,36412174,55928.55519,0.6375,1.0525,-0.5863397,2.2087793,1,1,1,1,1,1,0,0,0
"Tallahassee, FL","Tallahassee, FL",40605,383.467,15570591,228.074,45220,15837439,41300.6569,1.2325,1.3425,,,2,3,3,2,3,3,0,0,0
"Tampa-St. Petersburg-Clearwater, FL","Tampa-St. Petersburg-Clearwater, FL",45313,3091.225,140073159,1780.852,45300,137030695,44328.92947,1.56,1.72,-0.2189571,0.9978694,2,3,3,2,3,3,0,0,0
"Terre Haute, IN","Terre Haute, IN",36789,186.925,6876722,91.899,45460,7166368,38338.19981,1.0525,1.1775,-1.3878751,6.5088487,2,3,3,2,2,4,0,0,0
"Texarkana, TX-AR","Texarkana, TX-AR",36485,150.254,5482014,78.848,45500,5122467,34092.05079,1.085,1.205,-0.7725667,3.8152156,1,2,2,1,1,3,0,0,1
"The Villages, FL","The Villages, FL",44097,124.933,5509132,42.991,45540,2397299,19188.67713,2.57,,,,2,3,3,2,3,4,0,0,0
"Toledo, OH","Toledo, OH",44668,644.462,28786541,395.99,45780,34029973,52803.69207,0.8925,1.1175,-0.5664964,2.2091424,2,3,4,2,3,4,0,0,0
"Topeka, KS","Topeka, KS",43758,233.153,10202267,144.533,45820,9849673,42245.53405,0.51,1.02,-0.9388171,4.4381547,2,3,3,2,3,4,0,0,0
"Trenton-Princeton, NJ","Trenton, NJ",65877,368.602,24282260,283.989,45940,27815178,75461.27802,0.51,1.02,1.7536701,1.8817972,2,3,4,2,2,1,1,0,0
"Tucson, AZ","Tucson, AZ",42133,1027.502,43291870,518.656,46060,38636977,37602.82413,1.81,2.1,1.5173635,1.4191339,2,2,3,2,3,4,0,0,0
"Tulsa, OK","Tulsa, OK",51134,991.61,50705092,602.7,46140,51847954,52286.6389,1.2875,1.4,-0.78415143,3.3535187,2,2,3,2,2,3,0,0,0
"Tuscaloosa, AL","Tuscaloosa, AL",36396,251.018,9135950,139.724,46220,9678717,38557.86039,1.2325,1.3425,,,2,3,3,2,3,4,0,0,0
"Tyler, TX","Tyler, TX",52034,227.46,11835720,149.94,46340,9904909,43545.71793,1.205,1.315,0.15592432,2.7040546,2,3,3,2,3,3,0,0,0
"Urban Honolulu, HI","Urban Honolulu, HI",57049,986.429,56274893,657.903,46520,59924134,60748.55261,2.1,2.57,,,2,2,2,2,2,2,1,0,0
"Utica-Rome, NY","Utica-Rome, NY",42790,292.336,12509125,156.06,46540,11789161,40327.43487,1.085,1.205,-0.732668,2.7906203,1,1,1,1,1,1,0,0,0
"Valdosta, GA","Valdosta, GA",34613,145.403,5032900,77.77,46660,4940605,33978.70058,1.525,1.675,,,2,3,3,2,3,3,0,0,0
"Vallejo, CA","Vallejo-Fairfield, CA",48364,443.877,21467887,199.445,46700,22841474,51459.0168,2.57,,0.9641886,1.1440909,1,1,1,1,1,1,0,0,0
"Victoria, TX","Victoria, TX",43469,99.651,4331739,57.657,47020,4854105,48711.05157,1.205,1.315,,,2,3,3,2,3,3,0,0,0
"Vineland-Bridgeton, NJ","Vineland-Bridgeton, NJ",38630,151.748,5861990,75.53,47220,5954454,39239.09376,1.205,1.315,1.1887708,1.8503134,2,2,2,1,1,1,0,0,0
"Virginia Beach-Norfolk-Newport News, VA-NC","Virginia Beach-Norfolk-Newport News, VA-NC",48485,1761.305,85397443,1073.003,47260,87801252,49850.11227,2.0275,2.4525,0.11995864,0.8157288,2,3,3,2,3,3,0,0,0
"Visalia, CA","Visalia-Porterville, CA",39018,463.097,18069207,207.338,47300,17773212,38379.02642,1.63,1.81,0.45812285,1.9665818,1,1,1,1,1,1,0,0,0
"Waco, TX","Waco, TX",39182,268.55,10522336,160.448,47380,12297931,45793.82238,0.51,1.02,,,2,3,3,2,3,3,0,0,0
"Walla Walla, WA","Walla Walla, WA",44178,60.652,2679511,35.732,47460,2995360,49386.00541,1.43,1.56,,,1,2,2,2,3,3,0,0,0
"Warner Robins, GA","Warner Robins, GA",40517,180.019,7293904,95.968,47580,6797329,37758.95322,1.765,2.0275,,,2,3,4,2,3,3,0,0,0
"Washington-Arlington-Alexandria, DC-VA-MD-WV","Washington-Arlington-Alexandria, DC-VA-MD-WV",69298,6213.246,430564944,4360.516,47900,471918848,75953.67188,1.63,1.81,0.31053925,1.6058275,2,2,3,2,3,3,1,0,0
"Waterloo-Cedar Falls, IA","Waterloo-Cedar Falls, IA",43591,169.553,7390946,112.872,47940,8638962,50951.39573,1.145,1.26,-0.8396053,4.427537,2,2,2,2,2,2,0,0,0
"Watertown-Fort Drum, NY","Watertown-Fort Drum, NY",45476,113.063,5141615,67.316,48060,5929646,52445.50383,1.37,1.49,,,1,1,1,1,1,1,0,0,0
"Wausau-Weston, WI","Wausau, WI",47260,163.181,7711998,106.619,48140,8906420,54580.00625,0.51,1.02,0.18397494,2.7627184,2,2,2,2,2,2,0,0,0
"Weirton-Steubenville, WV-OH","Weirton-Steubenville, WV-OH",38472,118.181,4546694,49.592,48260,5618342,47540.14605,1.315,1.43,-0.53316337,2.7437396,2,2,2,2,2,1,0,0,0
"Wenatchee, WA","Wenatchee, WA",48045,118.646,5700404,71.326,48300,5937499,50043.81943,1.685,1.91,,,2,3,4,1,1,1,0,0,0
"Wheeling, WV-OH","Wheeling, WV-OH",45613,141.228,6441832,81.639,48540,11959848,84684.68009,0.51,1.02,-1.3376187,3.1188865,1,2,2,1,1,1,0,0,0
"Wichita, KS","Wichita, KS",48818,637.636,31128209,392.955,48620,31780917,49841.78591,1.205,1.315,-1.1872097,5.453317,2,3,3,2,2,4,0,0,0
"Wichita Falls, TX","Wichita Falls, TX",41395,151.18,6258027,91.032,48660,5923886,39184.32332,1.205,1.315,-0.58532643,3.8691676,1,2,1,1,1,2,0,0,0
"Williamsport, PA","Williamsport, PA",41587,113.93,4738005,68.199,48700,6569871,57665.85623,1.1775,1.2875,,,1,2,2,1,1,1,0,0,0
"Wilmington, NC","Wilmington, NC",41953,289.425,12142264,174.362,48900,12991240,44886.37816,1.81,2.1,,,2,2,2,2,2,4,0,0,0
"Winchester, VA-WV","Winchester, VA-WV",46303,138.107,6394742,81.881,49020,5809606,42065.97783,1.81,2.1,,,2,3,4,2,3,3,0,0,0
"Winston-Salem, NC","Winston-Salem, NC",43306,666.746,28874233,354.918,49180,29500651,44245.71126,1.4025,1.53,,,1,2,2,1,1,1,0,0,0
"Worcester, MA-CT","Worcester, MA-CT",53273,942.303,50199671,526.032,49340,44399035,47117.57789,1.675,1.8825,,,2,3,4,1,1,1,0,0,0
"Yakima, WA","Yakima, WA",41868,250.377,10482682,132.774,49420,9618897,38417.65418,1.26,1.3725,,,2,3,4,2,2,3,0,0,0
"York-Hanover, PA","York-Hanover, PA",47835,445.722,21321290,238.102,49620,18301760,41060.93036,1.595,1.765,1.1559123,1.9949545,1,2,2,1,1,1,0,0,0
"Youngstown-Warren-Boardman, OH-PA","Youngstown-Warren-Boardman, OH-PA",40496,541.875,21943522,284.723,49660,19799479,36538.83091,1.15,1.26,-0.29096842,2.5245693,2,3,4,2,3,3,0,0,0
"Yuba City, CA","Yuba City, CA",41270,173.213,7148530,71.585,49700,6313586,36449.83922,2.2175,2.57,0.20115004,2.6539721,1,1,1,1,1,1,0,0,0
"Yuma, AZ","Yuma, AZ",35049,209.756,7351746,88.348,49740,7783381,37106.83365,1.7925,2.0725,0.587611,2.5822918,2,3,3,2,2,4,0,0,0
