MSA,MSA_old,PINCPC,POP,PINC,EMP,cbsa,RGDP,RGDPPC,D2I_Low,D2I_H,WRLURI,elasticity
"Abilene, TX","Abilene, TX",40862.0,170.516,6967607.0,102.84,10180,6565925.0,38506.21056088578,1.37,1.49,0.10083067,3.0948513
"Akron, OH","Akron, OH",47343.0,704.367,33346841.0,428.89,10420,32374943.0,45963.174027176174,1.205,1.315,0.067560114,2.5854928
"Albany, GA","Albany, GA",36522.0,148.113,5409425.0,81.997,10500,5224058.0,35270.759487688454,1.1175,1.2325,-0.49810675,3.3922868
"Albany, OR","Albany, OR",40865.0,124.977,5107152.0,61.617,10540,4210211.0,33687.886571129085,1.63,1.81,,
"Albany-Schenectady-Troy, NY","Albany-Schenectady-Troy, NY",56264.0,882.13,49632513.0,570.825,10580,52128025.0,59093.35925543854,1.085,1.205,-0.09178428,1.700388
"Albuquerque, NM","Albuquerque, NM",40715.0,912.897,37168752.0,503.702,10740,37669706.0,41263.91695886831,1.63,1.81,0.373471,2.11238
"Alexandria, LA","Alexandria, LA",42200.0,153.604,6482090.0,81.146,10780,5598158.0,36445.39204708211,1.315,1.4300000000000002,-1.6766891,7.1480856
"Allentown-Bethlehem-Easton, PA-NJ","Allentown-Bethlehem-Easton, PA-NJ",51236.0,838.081,42940245.0,473.665,10900,39570402.0,47215.48633127347,1.49,1.63,0.022797078,1.8622904
"Altoona, PA","Altoona, PA",44160.0,123.175,5439427.0,75.601,11020,5260675.0,42708.95067992694,1.02,1.15,0.37206283,2.1776206
"Amarillo, TX","Amarillo, TX",44111.0,264.955,11687486.0,164.761,11100,12185359.0,45990.296465437525,1.1175,1.2325,-0.3986942,3.4720654
"Ames, IA","Ames, IA",41321.0,123.736,5112937.0,77.718,11180,5633048.0,45524.73007047262,0.6375,1.0525,,
"Anchorage, AK","Anchorage, AK",58093.0,400.647,23274975.0,242.789,11260,22194342.0,55396.25156309669,1.81,2.1,,
"Ann Arbor, MI","Ann Arbor, MI",56729.0,369.208,20944911.0,266.796,11460,21313699.0,57728.161361617305,0.8925000000000001,1.1175,0.30975512,2.2907684
"Anniston-Oxford, AL","Anniston-Oxford-Jacksonville, AL",35721.0,114.664,4095935.0,58.628,11500,3861148.0,33673.585432219355,1.26,1.37,,
"Appleton, WI","Appleton, WI",49292.0,236.058,11635733.0,155.134,11540,11548960.0,48924.247430716176,0.99,1.2,-0.15223685,2.2756798
"Asheville, NC","Asheville, NC",43265.0,455.255,19696720.0,273.581,11700,17323369.0,38052.012608318415,1.81,2.1,-0.61086994,1.5458176
"Athens-Clarke County, GA","Athens-Clarke County, GA",38884.0,208.997,8126567.0,126.066,12020,8730445.0,41773.06372818749,1.205,1.315,,
"Atlanta-Sandy Springs-Alpharetta, GA","Atlanta-Sandy Springs-Roswell, GA",50269.0,5874.249,295294501.0,3774.198,12060,348681584.0,59357.644526134325,1.4025,1.53,0.034925,2.5536988
"Atlantic City-Hammonton, NJ","Atlantic City-Hammonton, NJ",46549.0,266.328,12397367.0,164.114,12100,12424734.0,46652.00054068667,1.26,1.3725,0.68825674,1.1185694
"Auburn-Opelika, AL","Auburn-Opelika, AL",36437.0,161.641,5889666.0,83.721,12220,5897678.0,36486.27514058933,1.81,2.1,-1.1937114,5.2154036
"Augusta-Richmond County, GA-SC","Augusta-Richmond County, GA-SC",40502.0,600.006,24301614.0,318.487,12260,24254227.0,40423.30743359233,1.46,1.595,-1.091925,3.568282
"Austin-Round Rock-Georgetown, TX","Austin-Round Rock, TX",55530.0,2115.23,117458116.0,1449.768,12420,127337977.0,60200.5346936267,1.315,1.4300000000000002,-0.2833971,3.002909
"Bakersfield, CA","Bakersfield, CA",38467.0,888.988,34196499.0,412.04,12540,50226164.0,56498.13495795219,1.63,1.81,0.3953429,1.6380138
"Baltimore-Columbia-Towson, MD","Baltimore-Columbia-Towson, MD",59570.0,2798.587,166712892.0,1837.907,12580,178407243.0,63749.04299919924,1.595,1.7650000000000001,1.6010959,1.2349458
"Bangor, ME","Bangor, ME",39976.0,151.19,6044013.0,90.783,12620,5856821.0,38738.1506713407,1.2875,1.4000000000000001,0.5923235,2.324309
"Barnstable Town, MA","Barnstable Town, MA",70777.0,213.482,15109606.0,152.68,12700,12192071.0,57110.533909182035,2.2175000000000002,2.57,4.312253,1.0065495
"Baton Rouge, LA","Baton Rouge, LA",45865.0,853.762,39158059.0,530.726,12940,49456680.0,57927.9471328075,1.205,1.315,-0.813082,1.7378802
"Battle Creek, MI","Battle Creek, MI",38608.0,134.358,5187262.0,70.88,12980,5609810.0,41752.705458551034,0.765,1.085,,
"Bay City, MI","Bay City, MI",40192.0,104.189,4187549.0,46.766,13020,3468934.0,33294.62803174999,1.4000000000000001,1.525,,
"Beaumont-Port Arthur, TX","Beaumont-Port Arthur, TX",42728.0,398.686,17035245.0,210.78,13140,28069251.0,70404.40597362336,0.51,1.02,-0.6372842,2.4948409
"Beckley, WV","Beckley, WV",36477.0,118.639,4327543.0,53.715,13220,3746074.0,31575.401006414417,1.4000000000000001,1.525,,
"Bellingham, WA","Bellingham, WA",46719.0,221.65,10355271.0,126.487,13380,13306016.0,60031.65350778255,1.955,2.335,,
"Bend, OR","Bend-Redmond, OR",53033.0,186.807,9906980.0,126.915,13460,7892078.0,42247.228422917775,2.1,2.57,,
"Billings, MT","Billings, MT",49558.0,179.372,8889336.0,120.39,13740,9565917.0,53330.045938050534,1.56,1.72,-0.1934254,3.06213
"Binghamton, NY","Binghamton, NY",43201.0,241.609,10437731.0,127.064,13780,10724610.0,44388.28851574237,1.02,1.15,-0.80459076,2.2594266
"Birmingham-Hoover, AL","Birmingham-Hoover, AL",48618.0,1085.75,52786758.0,658.141,13820,54192007.0,49912.04881418374,1.315,1.4300000000000002,-0.23494875,2.144764
"Bismarck, ND","Bismarck, ND",54507.0,128.001,6976961.0,94.103,13900,6882276.0,53767.36119249068,1.315,1.4300000000000002,-0.3023023,3.464907
"Blacksburg-Christiansburg, VA","Blacksburg-Christiansburg-Radford, VA",36723.0,166.907,6129292.0,87.847,13980,6766394.0,40539.90545633197,1.2875,1.4000000000000001,,
"Bloomington, IL","Bloomington, IL",47247.0,172.845,8166372.0,112.014,14010,11826318.0,68421.52217304522,0.99,1.2,-0.20057786,3.4024215
"Bloomington, IN","Bloomington, IN",40079.0,167.513,6713796.0,97.365,14020,6420432.0,38327.96260588731,1.2325,1.3425,,
"Bloomsburg-Berwick, PA","Bloomsburg-Berwick, PA",43692.0,83.924,3666836.0,52.947,14100,3962275.0,47212.65668938563,0.51,1.02,,
"Boise City, ID","Boise City, ID",44062.0,710.08,31287639.0,428.223,14260,29709413.0,41839.52934880577,1.7650000000000001,2.0275,-0.4626847,1.6927996
"Boston-Cambridge-Newton, MA-NH","Boston-Cambridge-Newton, MA-NH",74779.0,4844.597,362272886.0,3618.955,14460,399360729.0,82434.25180670343,1.1724999999999999,1.2875,1.7025069,0.8581065
"Boulder, CO","Boulder, CO",69298.0,324.073,22457556.0,269.27,14500,24607654.0,75932.44114751923,1.49,1.63,3.121081,1.2232325
"Bowling Green, KY","Bowling Green, KY",35863.0,174.962,6274681.0,101.561,14540,6254353.0,35746.92218881815,1.315,1.4300000000000002,,
"Bremerton-Silverdale-Port Orchard, WA","Bremerton-Silverdale, WA",52833.0,266.55,14082667.0,132.502,14740,11035875.0,41402.64490714688,2.57,,0.57227755,1.4866295
"Bridgeport-Stamford-Norwalk, CT","Bridgeport-Stamford-Norwalk, CT",112769.0,943.457,106392305.0,659.847,14860,77609152.0,82260.40190490929,1.685,1.9100000000000001,,
"Brownsville-Harlingen, TX","Brownsville-Harlingen, TX",27427.0,423.181,11606636.0,192.721,15180,9737643.0,23010.58648663338,1.1175,1.2325,-0.95578474,2.3966222
"Brunswick, GA","Brunswick, GA",39058.0,117.728,4598165.0,59.742,15260,3824135.0,32482.79933405817,1.72,1.955,,
"Buffalo-Cheektowaga, NY","Buffalo-Cheektowaga-Niagara Falls, NY",48879.0,1129.66,55216894.0,670.999,15380,59746005.0,52888.484145672155,0.765,1.085,-0.23118621,1.82699
"Burlington, NC","Burlington, NC",38141.0,163.529,6237219.0,82.464,15500,5200654.0,31802.64051024589,1.6749999999999998,1.8825,,
"Burlington-South Burlington, VT","Burlington-South Burlington, VT",55445.0,218.881,12135868.0,165.129,15540,12125000.0,55395.397499097686,1.315,1.4300000000000002,1.1774004,1.5618443
"California-Lexington Park, MD","California-Lexington Park, MD",54446.0,112.413,6120472.0,61.186,15680,6402262.0,56953.0392392339,2.1,2.57,,
"Canton-Massillon, OH","Canton-Massillon, OH",42937.0,399.418,17149910.0,221.673,15940,18134746.0,45402.92625770496,1.4000000000000001,1.525,-0.80701536,3.0307305
"Cape Coral-Fort Myers, FL","Cape Coral-Fort Myers, FL",48872.0,739.506,36140942.0,379.209,15980,26207287.0,35438.91057002918,2.0275,2.4524999999999997,-0.14938621,1.2812364
"Cape Girardeau, MO-IL","Cape Girardeau, MO-IL",41882.0,96.873,4057266.0,60.492,16020,3913734.0,40400.668917035706,1.2325,1.345,,
"Carbondale-Marion, IL","Carbondale-Marion, IL",38782.0,137.49,5332144.0,76.491,16060,5589686.0,40655.21856134992,0.51,1.02,,
"Carson City, NV","Carson City, NV",48065.0,54.608,2624755.0,39.441,16180,3156084.0,57795.26809258717,1.1125,1.2325,,
"Casper, WY","Casper, WY",62751.0,79.556,4992181.0,53.892,16220,5010582.0,62981.82412388758,1.46,1.595,-0.8195934,4.5381074
"Cedar Rapids, IA","Cedar Rapids, IA",49721.0,270.594,13454170.0,181.671,16300,16790507.0,62050.55174911491,1.1175,1.2325,-0.68610734,3.9480708
"Chambersburg-Waynesboro, PA","Chambersburg-Waynesboro, PA",44239.0,154.487,6834280.0,79.491,16540,5412963.0,35038.30743039867,1.49,1.63,,
"Champaign-Urbana, IL","Champaign-Urbana, IL",43644.0,226.56,9887895.0,134.912,16580,10435942.0,46062.59710451977,1.085,1.205,-0.39136863,3.629078
"Charleston, WV","Charleston, WV",41322.0,264.183,10916568.0,149.034,16620,11538213.0,43675.07750309444,0.51,1.02,-1.1493769,1.5718449
"Charleston-North Charleston, SC","Charleston-North Charleston, SC",48769.0,775.089,37800241.0,482.76,16700,36394735.0,46955.556071625324,1.8825,2.2175000000000002,-0.8060621,1.1964433
"Charlotte-Concord-Gastonia, NC-SC","Charlotte-Concord-Gastonia, NC-SC",50043.0,2549.741,127596524.0,1593.809,16740,143835956.0,56411.98694298754,1.4025,1.53,-0.5302106,3.0920334
"Charlottesville, VA","Charlottesville, VA",63300.0,216.559,13708201.0,153.057,16820,11937304.0,55122.64094311481,1.49,1.63,-0.9799601,3.4359303
"Chattanooga, TN-GA","Chattanooga, TN-GA",44198.0,556.081,24577673.0,327.239,16860,26693082.0,48002.14716920736,1.3425,1.46,-0.72058916,2.1130126
"Cheyenne, WY","Cheyenne, WY",49746.0,98.46,4898034.0,68.988,16940,5193647.0,52748.80154377412,1.7650000000000001,2.0275,,
"Chicago-Naperville-Elgin, IL-IN-WI","Chicago-Naperville-Elgin, IL-IN-WI",58014.0,9520.784,552339301.0,6090.516,16980,600421994.0,63064.34365069095,1.2325,1.345,0.43549547,1.2830582
"Chico, CA","Chico, CA",42653.0,229.207,9776376.0,114.64,17020,9002731.0,39277.731482895375,1.8825,2.2175000000000002,0.94018835,1.7394891
"Cincinnati, OH-KY-IN","Cincinnati, OH-KY-IN",51729.0,2202.597,113937980.0,1372.384,17140,122867631.0,55783.07379879297,1.1175,1.2325,-0.2768149,2.6028533
"Clarksville, TN-KY","Clarksville, TN-KY",39426.0,299.059,11790763.0,154.838,17300,11147716.0,37275.9756436021,2.1,2.57,,
"Cleveland, TN","Cleveland, TN",37063.0,122.082,4524685.0,62.495,17420,4671982.0,38269.21249651873,1.495,1.64,,
"Cleveland-Elyria, OH","Cleveland-Elyria, OH",51409.0,2058.549,105828387.0,1332.93,17460,117136194.0,56902.31031663565,1.02,1.15,-0.16035768,1.0249237
"Coeur d'Alene, ID","Coeur d'Alene, ID",43129.0,157.485,6792188.0,88.196,17660,5301432.0,33663.091723021236,2.57,,,
"College Station-Bryan, TX","College Station-Bryan, TX",37569.0,258.825,9723678.0,152.965,17780,12775982.0,49361.46817347629,1.02,1.15,0.38432527,2.7198987
"Colorado Springs, CO","Colorado Springs, CO",46708.0,725.438,33883990.0,426.55,17820,33146193.0,45691.28305933795,2.1,2.57,0.86787033,1.6681645
"Columbia, MO","Columbia, MO",44916.0,206.288,9265632.0,142.143,17860,8675553.0,42055.5388582952,1.15,1.26,-1.5323458,7.8417006
"Columbia, SC","Columbia, SC",43750.0,825.11,36098903.0,505.636,17900,38014141.0,46071.603786161846,1.46,1.595,-0.7645787,2.640273
"Columbus, GA-AL","Columbus, GA-AL",39407.0,315.872,12447463.0,179.873,17980,13232794.0,41892.899655556685,1.605,1.7925,-0.8269074,3.8502142
"Columbus, IN","Columbus, IN",47987.0,82.429,3955556.0,61.301,18020,6063299.0,73557.83765422364,0.6375,1.0525,,
"Columbus, OH","Columbus, OH",49338.0,2082.475,102744546.0,1375.704,18140,112512486.0,54028.25292020312,1.1775,1.2875,0.25988513,2.7131891
"Corpus Christi, TX","Corpus Christi, TX",42389.0,428.237,18152655.0,251.653,18580,21165711.0,49425.227152254476,1.205,1.315,-0.24546725,1.6543641
"Corvallis, OR","Corvallis, OR",44519.0,91.567,4076498.0,51.317,18700,4484532.0,48975.41690783798,1.7650000000000001,2.0275,0.0659792,2.811249
"Crestview-Fort Walton Beach-Destin, FL","Crestview-Fort Walton Beach-Destin, FL",49800.0,271.959,13543565.0,173.797,18880,12622410.0,46412.91518206788,2.1,2.57,-0.07139186,1.7463965
"Cumberland, MD-WV","Cumberland, MD-WV",38342.0,98.566,3779218.0,47.392,19060,3562958.0,36147.94148083518,1.345,1.465,,
"Dallas-Fort Worth-Arlington, TX","Dallas-Fort Worth-Arlington, TX",53391.0,7340.943,391942594.0,4948.247,19100,451414779.0,61492.75086320654,1.085,1.205,-0.25053227,2.4865007
"Dalton, GA","Dalton, GA",34984.0,143.872,5033165.0,80.027,19140,6823387.0,47426.78909030249,0.51,1.02,,
"Danville, IL","Danville, IL",37461.0,77.776,2913571.0,36.016,19180,3196706.0,41101.445175889734,0.51,1.02,,
"Daphne-Fairhope-Foley, AL","Daphne-Fairhope-Foley, AL",43989.0,212.619,9352917.0,111.99,19300,5525882.0,25989.59641424332,2.57,,,
"Davenport-Moline-Rock Island, IA-IL","Davenport-Moline-Rock Island, IA-IL",47295.0,381.854,18059747.0,230.323,19340,20339874.0,53266.10170379255,0.8925000000000001,1.1175,-0.91260684,4.1087456
"Dayton, OH","Dayton, OH",45751.0,803.713,36770689.0,482.446,19430,37959200.0,47229.79471527772,1.085,1.205,-0.5002998,3.705984
"Decatur, AL","Decatur, AL",37050.0,151.888,5627400.0,74.111,19460,5342321.0,35172.76545875909,1.3725,1.495,-0.98815924,3.8511612
"Decatur, IL","Decatur, IL",45425.0,105.533,4793880.0,62.255,19500,6238665.0,59115.774212805474,0.51,1.02,-0.99899614,4.9873834
"Deltona-Daytona Beach-Ormond Beach, FL","Deltona-Daytona Beach-Ormond Beach, FL",41165.0,648.117,26679424.0,287.897,19660,18091856.0,27914.490747812506,2.1,2.57,0.4783041,1.0688713
"Denver-Aurora-Lakewood, CO","Denver-Aurora-Lakewood, CO",60604.0,2892.979,175325511.0,2036.345,19740,187126660.0,64683.034339343634,1.595,1.7650000000000001,0.8363913,1.5290611
"Des Moines-West Des Moines, IA","Des Moines-West Des Moines, IA",51782.0,682.085,35319931.0,478.216,19780,43692327.0,64057.01195598789,1.085,1.205,-0.84009665,3.6620333
"Detroit-Warren-Dearborn, MI","Detroit-Warren-Dearborn, MI",50759.0,4321.704,219365974.0,2587.204,19820,233241705.0,53969.84731022763,1.085,1.205,0.05446281,1.2411451
"Dothan, AL","Dothan, AL",39194.0,147.923,5797729.0,78.563,20020,5055797.0,34178.5726357632,1.4300000000000002,1.56,-0.9431387,4.2563744
"Dover, DE","Dover, DE",40438.0,176.445,7135135.0,92.106,20100,6621713.0,37528.481963218,2.1,2.57,0.31534323,2.181916
"Dubuque, IA","Dubuque, IA",46242.0,97.009,4485869.0,73.007,20220,5120001.0,52778.61847869785,1.1175,1.2325,-0.9588186,4.6055536
"Duluth, MN-WI","Duluth, MN-WI",43835.0,289.175,12676101.0,170.506,20260,13587347.0,46986.589435462956,1.4000000000000001,1.525,-0.2934594,2.0149717
"Durham-Chapel Hill, NC","Durham-Chapel Hill, NC",51158.0,625.865,32018021.0,434.703,20500,46804056.0,74782.98994192037,1.085,1.205,,
"East Stroudsburg, PA","East Stroudsburg, PA",40393.0,168.089,6789664.0,77.958,20700,5529321.0,32895.198377050256,2.0275,2.4524999999999997,,
"Eau Claire, WI","Eau Claire, WI",45188.0,167.436,7566094.0,110.621,20740,8260745.0,49336.73164671875,1.1775,1.2875,,
"El Centro, CA","El Centro, CA",36537.0,181.574,6634190.0,80.123,20940,8189014.0,45100.146496745125,1.63,1.81,,
"Elizabethtown-Fort Knox, KY","Elizabethtown-Fort Knox, KY",40922.0,150.531,6160042.0,77.349,21060,5349500.0,35537.53047545024,1.49,1.63,,
"Elkhart-Goshen, IN","Elkhart-Goshen, IN",45451.0,204.31,9286181.0,164.569,21140,11979393.0,58633.41490871714,0.51,1.02,-0.8325504,4.0081205
"Elmira, NY","Elmira, NY",42745.0,84.874,3627943.0,43.606,21300,3573676.0,42105.662511487615,1.0525,1.1775,-0.76975363,3.5560894
"El Paso, TX","El Paso, TX",34228.0,845.145,28927444.0,439.417,21340,28207727.0,33376.198167178416,1.4300000000000002,1.56,0.7277706,2.3477886
"Enid, OK","Enid, OK",42493.0,61.492,2612964.0,37.566,21420,3345503.0,54405.49990242634,,,-0.46963257,3.8586347
"Erie, PA","Erie, PA",42308.0,273.892,11587938.0,157.998,21500,10860163.0,39651.26035079521,1.02,1.15,-0.6262951,1.6713277
"Eugene-Springfield, OR","Eugene, OR",43960.0,375.617,16512047.0,208.647,21660,14683029.0,39090.42721708549,1.7650000000000001,2.0275,0.34311852,1.2243577
"Evansville, IN-KY","Evansville, IN-KY",45436.0,314.96,14310394.0,193.728,21780,15856790.0,50345.408940817884,1.15,1.26,-1.0457487,3.9929748
"Fairbanks, AK","Fairbanks, AK",53974.0,99.725,5382588.0,58.949,21820,5582087.0,55974.800701930304,1.7650000000000001,2.0275,,
"Fargo, ND-MN","Fargo, ND-MN",50639.0,241.619,12235224.0,178.477,22020,12667707.0,52428.43898865569,1.0525,1.1775,-1.2707556,5.97526
"Farmington, NM","Farmington, NM",33613.0,126.902,4265534.0,62.225,22140,6189598.0,48774.62924146192,1.2875,1.4000000000000001,,
"Fayetteville, NC","Fayetteville, NC",35245.0,517.609,18243302.0,255.597,22180,19004060.0,36715.08802976764,2.0275,2.4524999999999997,-0.508336,2.7050788
"Fayetteville-Springdale-Rogers, AR","Fayetteville-Springdale-Rogers, AR-MO",62633.0,515.633,32295738.0,314.551,22220,22927117.0,44464.02189153914,1.0175,1.2275,-0.40400937,2.064204
"Flagstaff, AZ","Flagstaff, AZ",46662.0,141.107,6584279.0,86.713,22380,6753461.0,47860.56680391476,1.49,1.63,-0.418257,3.1154153
"Flint, MI","Flint, MI",39380.0,407.673,16054031.0,187.742,22420,13162959.0,32288.032320021193,1.4000000000000001,1.525,-0.3153763,2.750336
"Florence, SC","Florence, SC",38644.0,205.546,7943148.0,112.609,22500,8824777.0,42933.34338785478,1.0525,1.1775,-0.4279859,2.937962
"Florence-Muscle Shoals, AL","Florence-Muscle Shoals, AL",36129.0,147.1,5314526.0,75.573,22520,5103322.0,34692.875594833444,1.595,1.7650000000000001,,
"Fond du Lac, WI","Fond du Lac, WI",46203.0,102.371,4729842.0,60.115,22540,4721376.0,46120.24889861386,1.205,1.315,,
"Fort Collins, CO","Fort Collins, CO",51497.0,343.993,17714530.0,233.281,22660,16121584.0,46866.02343652342,2.0275,2.4524999999999997,0.5740648,1.7872449
"Fort Smith, AR-OK","Fort Smith, AR-OK",36452.0,249.96,9111482.0,134.374,22900,8634927.0,34545.23523763802,1.15,1.26,-1.0431358,3.3567379
"Fort Wayne, IN","Fort Wayne, IN",44050.0,405.987,17883573.0,258.831,23060,20292855.0,49984.00195080138,1.2325,1.3425,-1.2196237,5.3610816
"Fresno, CA","Fresno, CA",41137.0,986.542,40583060.0,497.517,23420,41597807.0,42165.26716551348,1.495,1.64,0.90788496,1.8360769
"Gadsden, AL","Gadsden, AL",35542.0,102.937,3658631.0,50.527,23460,2746645.0,26682.7768440891,1.37,1.49,-0.50981665,3.406384
"Gainesville, FL","Gainesville, FL",40958.0,324.991,13310855.0,194.216,23540,13609063.0,41875.19962091258,1.02,1.15,0.07176816,2.4784896
"Gainesville, GA","Gainesville, GA",41856.0,199.439,8347634.0,116.052,23580,8440946.0,42323.447269591205,1.3725,1.495,,
"Gettysburg, PA","Gettysburg, PA",47020.0,102.367,4813310.0,48.936,23900,3476444.0,33960.59276915412,2.1,2.57,,
"Glens Falls, NY","Glens Falls, NY",45033.0,125.917,5670464.0,71.663,24020,5367379.0,42626.325277762335,1.4000000000000001,1.525,-1.6048446,4.528373
"Goldsboro, NC","Goldsboro, NC",37309.0,123.257,4598543.0,59.175,24140,4702700.0,38153.61399352572,1.63,1.81,-0.42365012,3.1196246
"Grand Forks, ND-MN","Grand Forks, ND-MN",48339.0,102.277,4943960.0,72.535,24220,4980504.0,48696.226913186736,1.205,1.315,,
"Grand Island, NE","Grand Island, NE",42186.0,75.652,3191443.0,51.605,24260,3793270.0,50141.04055411622,1.02,1.15,,
"Grand Junction, CO","Grand Junction, CO",42239.0,151.406,6395255.0,88.939,24300,5970021.0,39430.54436415994,2.1,2.57,0.46126384,2.1279953
"Grand Rapids-Kentwood, MI","Grand Rapids-Wyoming, MI",47989.0,1063.926,51056825.0,717.718,24340,53368797.0,50162.13251673518,1.085,1.205,-0.14516415,2.38978
"Grants Pass, OR","Grants Pass, OR",39166.0,86.653,3393827.0,38.748,24420,2454025.0,28320.13894498748,2.57,,,
"Great Falls, MT","Great Falls, MT",45291.0,81.604,3695959.0,50.394,24500,3644181.0,44656.89181902848,1.7650000000000001,2.0275,-0.00999154,3.072524
"Greeley, CO","Greeley, CO",44173.0,305.274,13484839.0,156.411,24540,18767550.0,61477.72165333438,2.1,2.57,0.44817808,2.521466
"Green Bay, WI","Green Bay, WI",49262.0,319.786,15753400.0,218.434,24580,18271480.0,57136.58509127979,1.145,1.26,0.57362556,2.0161753
"Greensboro-High Point, NC","Greensboro-High Point, NC",41701.0,763.486,31837816.0,473.309,24660,37721468.0,49406.88892789128,1.26,1.37,-0.29141775,3.0958705
"Greenville, NC","Greenville, NC",39873.0,178.617,7122044.0,100.461,24780,7719111.0,43215.99287861738,1.205,1.315,1.3913455,1.9563341
"Greenville-Anderson, SC","Greenville-Anderson-Mauldin, SC",42650.0,895.422,38189958.0,529.452,24860,39816849.0,44467.13281558863,1.315,1.4300000000000002,-0.93512124,2.7141483
"Gulfport-Biloxi, MS","Gulfport-Biloxi-Pascagoula, MS",35672.0,412.946,14730604.0,217.984,25060,16951069.0,41049.117802327666,1.3425,1.46,-0.99127066,1.6021414
"Hagerstown-Martinsburg, MD-WV","Hagerstown-Martinsburg, MD-WV",42144.0,283.004,11926830.0,138.739,25180,10140729.0,35832.45819847069,2.0275,2.4524999999999997,0.33264944,2.493968
"Hammond, LA","Hammond, LA",37474.0,132.322,4958676.0,64.968,25220,3863443.0,29197.28389836913,2.2175000000000002,2.57,,
"Hanford-Corcoran, CA","Hanford-Corcoran, CA",34323.0,149.696,5137941.0,62.009,25260,5481134.0,36615.09993587003,1.525,1.6749999999999998,,
"Harrisburg-Carlisle, PA","Harrisburg-Carlisle, PA",49987.0,571.101,28547475.0,417.661,25420,35022725.0,61324.92326226009,1.02,1.15,0.5364548,1.6292934
"Harrisonburg, VA","Harrisonburg, VA",38469.0,134.22,5163276.0,85.377,25500,6058956.0,45141.9758605275,1.15,1.26,,
"Hartford-East Hartford-Middletown, CT","Hartford-West Hartford-East Hartford, CT",61464.0,1206.719,74169244.0,820.493,25540,89872056.0,74476.37436718906,1.085,1.205,0.48542982,1.4960839
"Hattiesburg, MS","Hattiesburg, MS",37066.0,167.764,6218355.0,95.65,25620,5818906.0,34685.069502396225,1.315,1.4300000000000002,,
"Hickory-Lenoir-Morganton, NC","Hickory-Lenoir-Morganton, NC",38119.0,367.004,13989716.0,198.295,25860,13716423.0,37374.042244771175,1.2875,1.4000000000000001,-0.57666487,2.4136906
"Hilton Head Island-Bluffton, SC","Hilton Head Island-Bluffton-Beaufort, SC",50351.0,214.89,10819864.0,123.086,25940,7299580.0,33968.91432826097,2.57,,,
"Hinesville, GA","Hinesville, GA",32322.0,80.518,2602511.0,41.824,25980,3323217.0,41272.97001912616,2.1,2.57,,
"Homosassa Springs, FL","Homosassa Springs, FL",36614.0,145.512,5327715.0,49.862,26140,3414707.0,23466.841222717027,2.4524999999999997,2.57,,
"Hot Springs, AR","Hot Springs, AR",38629.0,98.444,3802782.0,52.438,26300,3003768.0,30512.45378082971,1.595,1.7650000000000001,,
"Houma-Thibodaux, LA","Houma-Thibodaux, LA",41605.0,209.893,8732516.0,114.068,26380,9201863.0,43840.733135454735,1.315,1.4300000000000002,,
"Houston-The Woodlands-Sugar Land, TX","Houston-The Woodlands-Sugar Land, TX",53479.0,6905.695,369310576.0,4180.623,26420,432329249.0,62604.74130409756,0.9575,1.1724999999999999,0.12848938,1.7410723
"Huntington-Ashland, WV-KY-OH","Huntington-Ashland, WV-KY-OH",37901.0,361.897,13716169.0,172.97,26580,14475058.0,39997.72863549573,1.315,1.4300000000000002,-1.2046235,1.810303
"Huntsville, AL","Huntsville, AL",47442.0,455.741,21621268.0,294.365,26620,24113355.0,52910.216548434306,1.2875,1.4000000000000001,-1.2436147,2.848342
"Idaho Falls, ID","Idaho Falls, ID",43646.0,145.792,6363267.0,91.395,26820,6200669.0,42530.92762291484,1.315,1.4300000000000002,,
"Indianapolis-Carmel-Anderson, IN","Indianapolis-Carmel-Anderson, IN",52221.0,2026.723,105838229.0,1332.514,26900,122143721.0,60266.608214344036,1.1175,1.2325,-0.7448606,4.0038266
"Iowa City, IA","Iowa City, IA",50819.0,171.47,8713868.0,131.233,26980,9364567.0,54613.44258470869,1.3425,1.46,-0.83003175,4.4204044
"Ithaca, NY","Ithaca, NY",43466.0,102.678,4462964.0,69.929,27060,5355968.0,52162.76125362785,0.51,1.02,,
"Jackson, MI","Jackson, MI",38031.0,158.69,6035203.0,75.398,27100,5525960.0,34822.35805658832,1.4000000000000001,1.525,,
"Jackson, MS","Jackson, MS",42035.0,599.401,25195571.0,383.21,27140,25053951.0,41798.313649793716,1.3425,1.46,-0.72970307,3.0016487
"Jackson, TN","Jackson, TN",38565.0,178.304,6876327.0,106.452,27180,7384394.0,41414.628948312995,1.0525,1.1775,-1.1300251,5.063777
"Jacksonville, FL","Jacksonville, FL",47830.0,1504.841,71976123.0,909.377,27260,71661716.0,47620.78917307543,1.6749999999999998,1.8825,-0.022161968,1.0591615
"Jacksonville, NC","Jacksonville, NC",44836.0,194.838,8735704.0,115.95,27340,8005278.0,41086.84137591229,2.57,,,
"Janesville-Beloit, WI","Janesville-Beloit, WI",42189.0,162.32,6848101.0,85.315,27500,6634276.0,40871.58698866437,1.2325,1.3425,-0.27588543,3.3310556
"Jefferson City, MO","Jefferson City, MO",42259.0,151.298,6393676.0,101.279,27620,6468973.0,42756.50041639678,1.1175,1.2325,,
"Johnson City, TN","Johnson City, TN",38673.0,201.844,7805861.0,106.274,27740,6805407.0,33716.17189512693,1.56,1.72,-0.8663563,1.3518708
"Johnstown, PA","Johnstown, PA",40721.0,133.054,5418137.0,66.721,27780,4455663.0,33487.62908292873,1.205,1.315,0.4373934,1.8350359
"Jonesboro, AR","Jonesboro, AR",35330.0,131.158,4633788.0,76.95,27860,4463753.0,34033.40246115372,1.4325,1.565,,
"Joplin, MO","Joplin, MO",38856.0,178.33,6929259.0,102.375,27900,7030145.0,39422.11069365783,1.085,1.205,-1.3846338,6.3960743
"Kahului-Wailuku-Lahaina, HI","Kahului-Wailuku-Lahaina, HI",47322.0,166.491,7878703.0,108.761,27980,9073660.0,54499.40237009808,2.1,2.57,,
"Kalamazoo-Portage, MI","Kalamazoo-Portage, MI",46675.0,263.001,12275693.0,155.827,28020,12087272.0,45959.03437629515,1.205,1.315,0.04513974,2.4802504
"Kankakee, IL","Kankakee, IL",39602.0,110.544,4377733.0,56.624,28100,4366489.0,39500.00904617166,1.1775,1.2875,0.0011251341,3.1808586
"Kansas City, MO-KS","Kansas City, MO-KS",51717.0,2127.259,110016377.0,1389.62,28140,117992341.0,55466.84301253397,1.1775,1.2875,-0.79256713,3.1908052
"Kennewick-Richland, WA","Kennewick-Richland, WA",43064.0,290.57,12513028.0,152.252,28420,13583256.0,46746.931892487184,1.525,1.6749999999999998,0.7886852,2.2897198
"Killeen-Temple, TX","Killeen-Temple, TX",40717.0,443.653,18064319.0,229.364,28660,16523551.0,37244.31255959049,1.6749999999999998,1.8825,-1.0092105,4.5897794
"Kingsport-Bristol, TN-VA","Kingsport-Bristol-Bristol, TN-VA",38369.0,306.253,11750493.0,158.483,28700,11775436.0,38450.026611984205,1.3725,1.495,,
"Kingston, NY","Kingston, NY",48508.0,178.723,8669500.0,91.007,28740,6184371.0,34603.106483217045,2.0275,2.4524999999999997,,
"Knoxville, TN","Knoxville, TN",43770.0,852.673,37321823.0,508.476,28940,37689515.0,44201.604835616934,1.315,1.4300000000000002,-0.37212443,1.4200677
"Kokomo, IN","Kokomo, IN",39916.0,82.311,3285555.0,49.953,29020,5268619.0,64008.686566801516,0.51,1.02,-0.95596826,4.9113264
"La Crosse-Onalaska, WI-MN","La Crosse-Onalaska, WI-MN",48094.0,136.778,6578165.0,97.155,29100,6817787.0,49845.64038076299,0.6375,1.0525,0.41301635,2.178696
"Lafayette, LA","Lafayette, LA",41832.0,490.107,20502118.0,286.617,29180,20970840.0,42788.289087893056,1.3425,1.46,-1.0335966,4.844548
"Lafayette-West Lafayette, IN","Lafayette-West Lafayette, IN",37534.0,228.535,8577730.0,127.572,29200,9241476.0,40437.90229067758,1.205,1.315,-0.3441132,2.484033
"Lake Charles, LA","Lake Charles, LA",46206.0,209.256,9668869.0,143.33,29340,15880707.0,75891.2862713614,0.51,1.02,-1.0483427,2.322959
"Lake Havasu City-Kingman, AZ","Lake Havasu City-Kingman, AZ",31742.0,207.114,6574242.0,69.977,29420,4900560.0,23661.17210811437,2.57,,,
"Lakeland-Winter Haven, FL","Lakeland-Winter Haven, FL",34591.0,685.83,23723273.0,301.085,29460,21816610.0,31810.52155782045,1.72,1.955,0.2610534,1.563471
"Lancaster, PA","Lancaster, PA",49961.0,541.054,27031379.0,334.809,29540,25768354.0,47626.2147586008,1.3425,1.46,0.28924814,2.2425003
"Lansing-East Lansing, MI","Lansing-East Lansing, MI",39981.0,548.812,21942006.0,300.251,29620,21810294.0,39740.92038803816,1.085,1.205,0.1927484,2.5759208
"Laredo, TX","Laredo, TX",30153.0,273.982,8261470.0,142.17,29700,12794056.0,46696.70270309729,1.02,1.15,,
"Las Cruces, NM","Las Cruces, NM",35144.0,216.186,7597698.0,100.148,29740,6712348.0,31048.94859056553,1.63,1.81,,
"Las Vegas-Henderson-Paradise, NV","Las Vegas-Henderson-Paradise, NV",45087.0,2183.31,98439211.0,1306.107,29820,101392420.0,46439.77263879156,1.63,1.81,-0.6918355,1.385496
"Lawrence, KS","Lawrence, KS",41899.0,120.629,5054290.0,73.719,29940,4404306.0,36511.17061403145,1.4000000000000001,1.525,-0.5781117,3.8567474
"Lawton, OK","Lawton, OK",39614.0,127.589,5054333.0,68.739,30020,4512201.0,35365.1255202251,1.63,1.81,,
"Lebanon, PA","Lebanon, PA",46194.0,139.566,6447129.0,67.479,30140,5473599.0,39218.71372683891,1.7650000000000001,2.0275,,
"Lewiston, ID-WA","Lewiston, ID-WA",43771.0,62.881,2752378.0,36.518,30300,2515313.0,40001.16092301331,1.595,1.7650000000000001,,
"Lewiston-Auburn, ME","Lewiston-Auburn, ME",39600.0,107.569,4259690.0,62.683,30340,4147966.0,38560.979464343814,1.085,1.205,0.9728033,2.2408197
"Lexington-Fayette, KY","Lexington-Fayette, KY",46387.0,512.732,23783859.0,356.827,30460,25865000.0,50445.4568858585,1.1775,1.2875,0.1869609,2.6255813
"Lima, OH","Lima, OH",40712.0,103.069,4196097.0,63.99,30620,7249480.0,70336.18255731597,0.51,1.02,-0.88453645,4.628184
"Lincoln, NE","Lincoln, NE",47575.0,331.179,15755684.0,231.07,30700,17029139.0,51419.74279770155,1.1775,1.2875,0.7611754,2.6234624
"Little Rock-North Little Rock-Conway, AR","Little Rock-North Little Rock-Conway, AR",43901.0,737.991,32398653.0,459.487,30780,33865487.0,45888.7533858814,1.315,1.4300000000000002,-0.84868586,2.7923145
"Logan, UT-ID","Logan, UT-ID",37269.0,138.052,5145071.0,83.619,30860,4983857.0,36101.30240778837,1.56,1.72,,
"Longview, TX","Longview, TX",39526.0,285.134,11270199.0,170.163,30980,15519519.0,54428.86151774253,1.2325,1.3425,-1.2839355,4.74681
"Longview, WA","Longview, WA",43046.0,106.9,4601607.0,50.108,31020,4351020.0,40701.77736202058,1.81,2.1,,
"Los Angeles-Long Beach-Anaheim, CA","Los Angeles-Long Beach-Anaheim, CA",60649.0,13298.709,806547539.0,8685.121,31080,912491020.0,68615.0076672856,1.7650000000000001,2.0275,0.49499214,0.6265944
"Louisville/Jefferson County, KY-IN","Louisville/Jefferson County, KY-IN",48163.0,1260.391,60704406.0,819.134,31140,62960211.0,49952.9201652503,1.0525,1.1775,-0.46531576,2.3400092
"Lubbock, TX","Lubbock, TX",40416.0,316.588,12795311.0,198.855,31180,12693422.0,40094.45083199615,1.1175,1.2325,-0.7404839,4.326721
"Lynchburg, VA","Lynchburg, VA",38720.0,261.954,10142865.0,136.887,31340,9248387.0,35305.38567840155,1.56,1.72,-0.8257174,2.8959186
"Macon-Bibb County, GA","Macon, GA",39399.0,229.081,9025569.0,136.684,31420,10088993.0,44041.16011367158,1.1175,1.2325,-0.83931273,3.620202
"Madera, CA","Madera, CA",38062.0,155.904,5933946.0,64.699,31460,6658105.0,42706.44114326766,1.81,2.1,,
"Madison, WI","Madison, WI",56695.0,654.577,37111247.0,506.517,31540,45492200.0,69498.62277470794,1.085,1.205,0.40438956,2.2471561
"Manchester-Nashua, NH","Manchester-Nashua, NH",58305.0,413.157,24089099.0,272.444,31700,24782415.0,59983.045186212505,1.4025,1.53,,
"Manhattan, KS","Manhattan, KS",44212.0,131.587,5817725.0,90.114,31740,6308970.0,47945.23775144961,1.085,1.205,,
"Mankato, MN","Mankato-North Mankato, MN",44871.0,100.945,4529513.0,71.585,31860,5537542.0,54857.02115013126,1.315,1.4300000000000002,,
"Mansfield, OH","Mansfield, OH",37865.0,120.543,4564417.0,64.605,31900,4324887.0,35878.37535153431,1.1775,1.2875,-0.90952533,4.3915715
"McAllen-Edinburg-Mission, TX","McAllen-Edinburg-Mission, TX",25451.0,858.323,21845363.0,375.913,32580,20381184.0,23745.35460426902,1.3425,1.46,-0.44865185,3.6774044
"Medford, OR","Medford, OR",44533.0,216.761,9653010.0,122.841,32780,7957275.0,36709.90168895696,2.1,2.57,0.84818846,1.38683
"Memphis, TN-MS-AR","Memphis, TN-MS-AR",44655.0,1339.29,59806264.0,850.468,32820,66457886.0,49621.729423799174,1.02,1.15,1.1808224,1.7646465
"Merced, CA","Merced, CA",38037.0,271.34,10320877.0,104.048,32900,9504388.0,35027.596373553475,1.6749999999999998,1.8825,0.63786805,2.3867307
"Miami-Fort Lauderdale-Pompano Beach, FL","Miami-Fort Lauderdale-West Palm Beach, FL",54409.0,6149.687,334597043.0,3968.762,33100,306141923.0,49781.70807717531,1.495,1.64,0.83278453,0.62442166
"Michigan City-La Porte, IN","Michigan City-La Porte, IN",40561.0,109.911,4458143.0,53.246,33140,3848432.0,35014.07502433787,1.46,1.595,,
"Midland, MI","Midland, MI",58229.0,83.245,4847268.0,47.327,33220,4882666.0,58654.165415340256,0.8574999999999999,1.1675,,
"Midland, TX","Midland, TX",108595.0,170.948,18564171.0,146.966,33260,28703870.0,167909.9492243255,0.51,1.02,,
"Milwaukee-Waukesha, WI","Milwaukee-Waukesha-West Allis, WI",54216.0,1575.151,85397956.0,1054.13,33340,90473698.0,57438.11101284893,1.085,1.205,0.4569242,1.0286416
"Minneapolis-St. Paul-Bloomington, MN-WI","Minneapolis-St. Paul-Bloomington, MN-WI",60167.0,3577.765,215263552.0,2503.165,33460,231078542.0,64587.40079351215,1.2875,1.4025,0.377654,1.4473755
"Missoula, MT","Missoula, MT",47086.0,117.863,5549745.0,83.918,33540,4844547.0,41103.204568015404,1.7650000000000001,2.0275,,
"Mobile, AL","Mobile, AL",36705.0,431.047,15821495.0,242.879,33660,18417975.0,42728.46116548775,1.1175,1.2325,-0.9985673,2.0380118
"Modesto, CA","Modesto, CA",42354.0,545.267,23094445.0,247.366,33700,21993425.0,40335.14773496288,1.7650000000000001,2.0275,0.24703155,2.1665163
"Monroe, LA","Monroe, LA",38726.0,203.898,7896114.0,116.52,33740,8411633.0,41254.12215911877,1.3425,1.46,-0.85972834,3.5773146
"Monroe, MI","Monroe, MI",45498.0,149.592,6806075.0,57.797,33780,5598240.0,37423.3916252206,1.955,2.335,,
"Montgomery, AL","Montgomery, AL",41592.0,374.042,15557315.0,228.227,33860,15949874.0,42641.9332588319,1.3725,1.495,-0.991755,3.5814338
"Morgantown, WV","Morgantown, WV",40728.0,139.739,5691282.0,86.031,34060,6814633.0,48766.8653704406,1.1175,1.2325,,
"Morristown, TN","Morristown, TN",34280.0,140.967,4832342.0,66.904,34100,4544914.0,32240.97838501209,1.4000000000000001,1.525,,
"Mount Vernon-Anacortes, WA","Mount Vernon-Anacortes, WA",50119.0,126.026,6316247.0,69.176,34580,7122050.0,56512.54503039055,1.955,2.335,,
"Muncie, IN","Muncie, IN",35713.0,115.389,4120845.0,60.37,34620,3827953.0,33174.33204204906,0.51,1.02,,
"Muskegon, MI","Muskegon, MI",37207.0,173.656,6461284.0,81.297,34740,5922919.0,34107.19468374257,1.1775,1.2875,,
"Myrtle Beach-Conway-North Myrtle Beach, SC-NC","Myrtle Beach-Conway-North Myrtle Beach, SC-NC",37565.0,463.386,17407041.0,231.531,34820,14573758.0,31450.578998933936,2.57,,-0.8307686,1.8298993
"Napa, CA","Napa, CA",69791.0,140.386,9797716.0,104.814,34900,9506546.0,67717.19402219594,1.81,2.1,,
"Naples-Marco Island, FL","Naples-Immokalee-Marco Island, FL",87092.0,372.345,32428403.0,222.912,34940,15140542.0,40662.67037290685,2.4524999999999997,2.57,0.28914294,1.2103633
"Nashville-Davidson--Murfreesboro--Franklin, TN","Nashville-Davidson--Murfreesboro--Franklin, TN",55382.0,1875.736,103882532.0,1328.037,34980,113138597.0,60316.908669450284,1.315,1.4300000000000002,-0.40588725,2.2373788
"New Bern, NC","New Bern, NC",41547.0,125.01,5193736.0,67.648,35100,4732591.0,37857.69938404928,1.8825,2.2175000000000002,,
"New Haven-Milford, CT","New Haven-Milford, CT",53605.0,857.794,45981789.0,507.383,35300,47266161.0,55101.99535086512,1.3425,1.46,0.19096313,0.97508156
"New Orleans-Metairie, LA","New Orleans-Metairie, LA",49799.0,1270.465,63267329.0,801.449,35380,72614343.0,57155.72093682234,1.315,1.4300000000000002,-1.2392069,0.80832744
"New York-Newark-Jersey City, NY-NJ-PA","New York-Newark-Jersey City, NY-NJ-PA",72951.0,19325.698,1409827684.0,12604.575,35620,1508145135.0,78038.3267398673,1.1400000000000001,1.26,0.5402692,1.1187004
"Niles, MI","Niles-Benton Harbor, MI",45651.0,154.362,7046806.0,83.707,35660,6828838.0,44239.113253261814,1.3725,1.495,-0.42084888,2.0585573
"North Port-Sarasota-Bradenton, FL","North Port-Sarasota-Bradenton, FL",53730.0,805.139,43260349.0,435.243,35840,29166615.0,36225.56477825568,2.1,2.57,0.9218807,0.9216967
"Norwich-New London, CT","Norwich-New London, CT",56545.0,267.826,15144163.0,167.734,35980,16914681.0,63155.48527775496,1.145,1.26,0.45581627,1.4649011
"Ocala, FL","Ocala, FL",35719.0,353.717,12634266.0,150.635,36100,8922757.0,25225.694552424677,2.1,2.57,2.2292984,1.7342399
"Ocean City, NJ","Ocean City, NJ",57976.0,93.184,5402435.0,61.744,36140,4757727.0,51057.338169642855,2.335,2.57,,
"Odessa, TX","Odessa, TX",42548.0,157.173,6687437.0,95.572,36220,11722833.0,74585.53950105935,0.51,1.02,,
"Ogden-Clearfield, UT","Ogden-Clearfield, UT",41795.0,664.589,27776744.0,358.258,36260,25098089.0,37764.82758516918,2.1,2.57,,
"Oklahoma City, OK","Oklahoma City, OK",45951.0,1383.249,63561386.0,869.931,36420,77302505.0,55884.73586462018,1.205,1.315,-0.3716212,3.2940452
"Olympia-Lacey-Tumwater, WA","Olympia-Tumwater, WA",48820.0,280.289,13683817.0,150.093,36500,11737238.0,41875.485659444355,2.1,2.57,0.574029,1.7508687
"Omaha-Council Bluffs, NE-IA","Omaha-Council Bluffs, NE-IA",55229.0,932.217,51485749.0,632.842,36540,55649803.0,59696.1898356284,1.205,1.315,-0.55850136,3.470304
"Orlando-Kissimmee-Sanford, FL","Orlando-Kissimmee-Sanford, FL",41748.0,2512.917,104909584.0,1651.404,36740,119246663.0,47453.48254637937,1.4300000000000002,1.56,0.31624892,1.1201638
"Oshkosh-Neenah, WI","Oshkosh-Neenah, WI",46131.0,170.375,7859570.0,116.298,36780,9131319.0,53595.4159941306,0.51,1.02,,
"Owensboro, KY","Owensboro, KY",40016.0,118.543,4743650.0,67.869,36980,5150432.0,43447.79531478029,1.1175,1.2325,,
"Oxnard-Thousand Oaks-Ventura, CA","Oxnard-Thousand Oaks-Ventura, CA",58761.0,850.802,49994234.0,466.151,37100,52776068.0,62030.9637259903,2.57,,1.2058959,0.7495063
"Palm Bay-Melbourne-Titusville, FL","Palm Bay-Melbourne-Titusville, FL",43371.0,588.265,25513929.0,292.233,37340,22465459.0,38189.35173773725,1.72,1.955,0.4130658,0.9328778
"Panama City, FL","Panama City, FL",41499.0,184.046,7637747.0,108.405,37460,7463278.0,40551.155689338535,1.495,1.64,,
"Parkersburg-Vienna, WV","Parkersburg-Vienna, WV",39010.0,90.873,3544962.0,47.506,37620,3356685.0,36938.19946518768,1.1175,1.2325,-0.6653284,2.51822
"Pensacola-Ferry Pass-Brent, FL","Pensacola-Ferry Pass-Brent, FL",41592.0,487.327,20268694.0,248.415,37860,17431830.0,35770.293868388166,1.955,2.335,-0.8569118,1.4766289
"Peoria, IL","Peoria, IL",45851.0,406.905,18657019.0,224.827,37900,22012933.0,54098.45787100183,0.8925000000000001,1.1175,-0.37754768,3.227832
"Philadelphia-Camden-Wilmington, PA-NJ-DE-MD","Philadelphia-Camden-Wilmington, PA-NJ-DE-MD",61094.0,6078.451,371354629.0,3793.735,37980,388791070.0,63962.195302717744,1.315,1.4300000000000002,1.126679,1.6450509
"Phoenix-Mesa-Chandler, AZ","Phoenix-Mesa-Scottsdale, AZ",44208.0,4761.694,210503331.0,2701.966,38060,217895725.0,45760.12759324728,1.6749999999999998,1.8825,0.61092466,1.6135566
"Pine Bluff, AR","Pine Bluff, AR",33224.0,90.923,3020818.0,43.021,38220,3344188.0,36780.44059258934,0.6375,1.0525,-1.7647055,12.148008
"Pittsburgh, PA","Pittsburgh, PA",54471.0,2330.283,126933158.0,1479.693,38300,134322913.0,57642.31769274376,0.765,1.085,0.09829904,1.204991
"Pittsfield, MA","Pittsfield, MA",54135.0,126.485,6847305.0,85.969,38340,6563795.0,51893.860932126336,1.1775,1.2875,-0.60347074,2.704568
"Pocatello, ID","Pocatello, ID",36884.0,93.289,3440825.0,52.135,38540,3072557.0,32935.89812303701,1.64,1.8375,-0.5609774,3.6492124
"Portland-South Portland, ME","Portland-South Portland, ME",54914.0,532.28,29229661.0,377.393,38860,27521358.0,51704.6629593447,1.72,1.955,0.7431564,1.4235411
"Portland-Vancouver-Hillsboro, OR-WA","Portland-Vancouver-Hillsboro, OR-WA",54014.0,2456.462,132683509.0,1572.32,38900,143680585.0,58490.86409641183,1.63,1.81,0.2674773,1.0669582
"Port St. Lucie, FL","Port St. Lucie, FL",51824.0,473.192,24522711.0,218.465,38940,14844261.0,31370.48174948013,2.57,,0.44561318,1.1887226
"Prescott Valley-Prescott, AZ","Prescott, AZ",38381.0,228.055,8753027.0,99.201,39150,6263132.0,27463.25228563285,2.57,,,
"Providence-Warwick, RI-MA","Providence-Warwick, RI-MA",52147.0,1617.057,84324547.0,941.495,39300,76611155.0,47376.90446286061,1.595,1.7650000000000001,1.8920596,1.6055467
"Provo-Orem, UT","Provo-Orem, UT",38802.0,617.751,23969840.0,351.448,39340,23037069.0,37291.836031022205,1.955,2.335,0.20841809,1.2173239
"Pueblo, CO","Pueblo, CO",37540.0,166.426,6247636.0,80.347,39380,5936817.0,35672.41296432048,1.63,1.81,,
"Punta Gorda, FL","Punta Gorda, FL",39868.0,181.537,7237457.0,71.596,39460,4518513.0,24890.314371175024,2.57,,,
"Racine, WI","Racine, WI",47419.0,195.949,9291789.0,95.407,39540,8206941.0,41883.04609872977,1.56,1.72,-0.21236911,1.7746772
"Raleigh, NC","Raleigh, NC",52219.0,1334.342,69678276.0,847.287,39580,71856766.0,53851.835586378904,1.72,1.955,0.63762254,2.109414
"Rapid City, SD","Rapid City, SD",47885.0,138.203,6617799.0,92.669,39660,5793802.0,41922.40399991317,1.63,1.81,-0.73510665,3.8213954
"Reading, PA","Reading, PA",47412.0,417.524,19795515.0,225.937,39740,17911239.0,42898.70522413083,1.26,1.37,0.5510229,2.0302742
"Redding, CA","Redding, CA",44480.0,179.539,7985961.0,90.997,39820,7635618.0,42529.02154963545,1.8825,2.2175000000000002,0.027869297,1.8249019
"Reno, NV","Reno, NV",56120.0,461.336,25890156.0,302.436,39900,24833406.0,53829.32613106283,1.72,1.955,-0.30601346,1.3864645
"Richmond, VA","Richmond, VA",55282.0,1269.478,70179218.0,851.572,40060,74128689.0,58393.04737852881,1.46,1.595,-0.37779462,2.5996091
"Riverside-San Bernardino-Ontario, CA","Riverside-San Bernardino-Ontario, CA",38821.0,4570.427,177428094.0,2061.135,40140,159582093.0,34916.23277212392,2.57,,0.5258856,0.9431942
"Roanoke, VA","Roanoke, VA",45076.0,313.488,14130719.0,197.07,40220,14791179.0,47182.60029092023,1.4000000000000001,1.525,-0.55422455,2.026449
"Rochester, MN","Rochester, MN",51971.0,217.828,11320741.0,150.559,40340,12078681.0,55450.543548120535,1.085,1.205,,
"Rochester, NY","Rochester, NY",49625.0,1071.589,53177211.0,651.967,40380,56587691.0,52807.27125791698,1.02,1.15,-0.057178676,1.4036162
"Rockford, IL","Rockford, IL",42121.0,338.252,14247623.0,183.852,40420,14251552.0,42132.94230337145,0.8925000000000001,1.1175,-0.5298573,3.684496
"Rocky Mount, NC","Rocky Mount, NC",37764.0,146.769,5542645.0,73.568,40580,9095290.0,61970.10267835851,1.4300000000000002,1.56,-0.5157553,3.0798628
"Rome, GA","Rome, GA",37003.0,97.427,3605099.0,53.013,40660,3778121.0,38778.99350282776,1.085,1.205,,
"Sacramento-Roseville-Folsom, CA","Sacramento--Roseville--Arden-Arcade, CA",54010.0,2320.381,125324628.0,1342.266,40900,124292926.0,53565.740281445156,1.81,2.1,,
"Saginaw, MI","Saginaw, MI",37286.0,191.996,7158836.0,107.633,40980,7943763.0,41374.62759640826,0.6375,1.0525,-0.011556488,2.2259817
"St. Cloud, MN","St. Cloud, MN",44679.0,198.106,8851230.0,138.137,41060,9473689.0,47821.312832524,1.085,1.205,-0.114927515,2.561532
"St. George, UT","St. George, UT",36809.0,165.859,6105133.0,94.833,41100,5116834.0,30850.50554989479,2.1,2.57,,
"St. Joseph, MO-KS","St. Joseph, MO-KS",37934.0,126.598,4802388.0,72.88,41140,5096338.0,40256.070396056806,0.6375,1.0525,-1.5072727,7.939646
"St. Louis, MO-IL","St. Louis, MO-IL",52944.0,2805.85,148554261.0,1776.914,41180,147633364.0,52616.271005221235,1.26,1.3725,-0.7286122,2.3558264
"Salem, OR","Salem, OR",40811.0,424.968,17343161.0,221.909,41420,15672140.0,36878.400256019275,1.595,1.7650000000000001,0.40532306,1.6449219
"Salinas, CA","Salinas, CA",53989.0,435.477,23511124.0,249.641,41500,25149109.0,57750.717029831656,1.8825,2.2175000000000002,0.28531894,1.100336
"Salisbury, MD-DE","Salisbury, MD-DE",46722.0,404.067,18878866.0,219.877,41540,21898288.0,54194.69543417305,2.1,2.57,,
"Salt Lake City, UT","Salt Lake City, UT",49048.0,1205.238,59114954.0,921.723,41620,79689409.0,66119.23039266934,1.205,1.315,-0.030384822,0.74531084
"San Angelo, TX","San Angelo, TX",43896.0,120.501,5289508.0,73.41,41660,7357518.0,61057.73396071402,1.37,1.49,,
"San Antonio-New Braunfels, TX","San Antonio-New Braunfels, TX",44874.0,2474.274,111030910.0,1455.46,41700,115793452.0,46798.9608264889,1.4300000000000002,1.56,-0.21295145,2.9820375
"San Diego-Chula Vista-Carlsbad, CA","San Diego-Carlsbad, CA",58097.0,3325.468,193199828.0,2119.705,41740,210693896.0,63357.667552356535,1.955,2.335,0.46282488,0.6727623
"San Francisco-Oakland-Berkeley, CA","San Francisco-Oakland-Hayward, CA",92638.0,4710.693,436388051.0,3351.475,41860,472872746.0,100382.84091109312,1.53,1.685,0.67213905,0.68289673
"San Jose-Sunnyvale-Santa Clara, CA","San Jose-Sunnyvale-Santa Clara, CA",98690.0,1993.582,196747512.0,1430.272,41940,289710772.0,145321.72341042405,0.8925000000000001,1.1175,0.20881456,0.76032656
"San Luis Obispo-Paso Robles, CA","San Luis Obispo-Paso Robles-Arroyo Grande, CA",55635.0,282.838,15735750.0,173.13,42020,16138584.0,57059.46159992646,2.57,,1.115155,1.2240349
"Santa Cruz-Watsonville, CA","Santa Cruz-Watsonville, CA",64901.0,275.105,17854678.0,155.451,42100,13520021.0,49144.948292470144,2.57,,0.7640807,1.1887424
"Santa Fe, NM","Santa Fe, NM",55273.0,149.617,8269830.0,93.813,42140,5748226.0,38419.604724062105,2.4524999999999997,2.57,0.020290686,2.1905851
"Santa Maria-Santa Barbara, CA","Santa Maria-Santa Barbara, CA",59633.0,445.606,26572680.0,276.436,42200,26861059.0,60279.8413845415,1.8825,2.2175000000000002,0.87240803,0.8891545
"Santa Rosa-Petaluma, CA","Santa Rosa, CA",60170.0,503.246,30280366.0,304.145,42220,27421167.0,54488.594047444,2.4524999999999997,2.57,1.3241285,1.0017296
"Savannah, GA","Savannah, GA",44755.0,386.337,17290550.0,234.619,42340,18839697.0,48764.93061756963,1.595,1.7650000000000001,-0.52421963,1.4564685
"Scranton--Wilkes-Barre--Hazleton, PA","Scranton--Wilkes-Barre--Hazleton, PA",43905.0,555.645,24395784.0,324.831,42540,25497710.0,45888.48995311755,1.02,1.15,0.007646776,1.6165924
"Seattle-Tacoma-Bellevue, WA","Seattle-Tacoma-Bellevue, WA",69913.0,3884.469,271575069.0,2611.999,42660,332835662.0,85683.69627869343,1.46,1.595,1.1312938,1.0451405
"Sebastian-Vero Beach, FL","Sebastian-Vero Beach, FL",72149.0,154.314,11133656.0,80.405,42680,5130162.0,33244.955091566546,2.335,2.57,,
"Sebring-Avon Park, FL","Sebring, FL",32922.0,104.06,3425904.0,40.633,42700,2547217.0,24478.349029406112,1.81,2.1,,
"Sheboygan, WI","Sheboygan, WI",50722.0,115.235,5844985.0,74.532,43100,6619831.0,57446.35744348505,0.51,1.02,,
"Sherman-Denison, TX","Sherman-Denison, TX",40662.0,131.214,5335477.0,69.718,43300,4475124.0,34105.537518862315,1.26,1.3725,-1.0083613,4.7490015
"Shreveport-Bossier City, LA","Shreveport-Bossier City, LA",43808.0,400.357,17538748.0,239.096,43340,22104981.0,55213.17474154317,1.595,1.7650000000000001,,
"Sierra Vista-Douglas, AZ","Sierra Vista-Douglas, AZ",39165.0,124.99,4895203.0,51.109,43420,4259736.0,34080.61444915593,2.1,2.57,,
"Sioux City, IA-NE-SD","Sioux City, IA-NE-SD",48058.0,143.127,6878449.0,95.052,43580,7495029.0,52366.28309124065,0.6375,1.0525,-1.1173003,5.3568873
"Sioux Falls, SD","Sioux Falls, SD",57299.0,260.521,14927674.0,201.21,43620,17267303.0,66279.88914521286,1.085,1.205,-0.96180904,4.645673
"South Bend-Mishawaka, IN-MI","South Bend-Mishawaka, IN-MI",45624.0,321.447,14665803.0,176.994,43780,13096715.0,40742.99962357713,1.205,1.315,-1.2400913,4.3622136
"Spartanburg, SC","Spartanburg, SC",41783.0,306.632,12812008.0,180.478,43900,13125872.0,42806.59552819014,1.2325,1.3425,,
"Spokane-Spokane Valley, WA","Spokane-Spokane Valley, WA",44006.0,550.595,24229248.0,315.316,44060,23558813.0,42787.91670828831,1.63,1.81,0.68721837,1.6441077
"Springfield, IL","Springfield, IL",46056.0,209.175,9633687.0,128.998,44100,10377290.0,49610.56531612287,0.51,1.02,,
"Springfield, MA","Springfield, MA",50057.0,700.293,35054755.0,408.468,44140,30181745.0,43098.7386708135,1.2325,1.3425,0.71673334,1.5232978
"Springfield, MO","Springfield, MO",40306.0,462.3,18633452.0,283.362,44180,17629924.0,38135.24551157257,1.4000000000000001,1.525,-0.75128365,3.5972419
"Springfield, OH","Springfield, OH",39235.0,134.649,5282966.0,62.171,44220,4352218.0,32322.6908480568,1.4300000000000002,1.56,,
"State College, PA","State College, PA",44527.0,162.25,7224437.0,119.115,44300,7926572.0,48854.06471494607,1.15,1.26,0.7740856,2.4057698
"Staunton, VA","Staunton-Waynesboro, VA",42622.0,121.984,5199161.0,65.173,44420,4842978.0,39701.74777019937,1.63,1.81,,
"Stockton, CA","Stockton-Lodi, CA",42391.0,742.516,31475861.0,331.977,44700,28027041.0,37746.04318290784,2.1,2.57,0.58965874,2.072873
"Sumter, SC","Sumter, SC",35768.0,140.514,5025970.0,66.275,44940,4251788.0,30258.821185077642,1.56,1.72,-0.9014547,3.8401868
"Syracuse, NY","Syracuse, NY",48009.0,651.048,31256367.0,383.083,45060,36412174.0,55928.5551910151,0.6375,1.0525,-0.5863397,2.2087793
"Tallahassee, FL","Tallahassee, FL",40605.0,383.467,15570591.0,228.074,45220,15837439.0,41300.65690137613,1.2325,1.3425,,
"Tampa-St. Petersburg-Clearwater, FL","Tampa-St. Petersburg-Clearwater, FL",45313.0,3091.225,140073159.0,1780.852,45300,137030695.0,44328.929469708615,1.56,1.72,-0.2189571,0.9978694
"Terre Haute, IN","Terre Haute, IN",36789.0,186.925,6876722.0,91.899,45460,7166368.0,38338.19981275913,1.0525,1.1775,-1.3878751,6.5088487
"Texarkana, TX-AR","Texarkana, TX-AR",36485.0,150.254,5482014.0,78.848,45500,5122467.0,34092.05079398885,1.085,1.205,-0.7725667,3.8152156
"The Villages, FL","The Villages, FL",44097.0,124.933,5509132.0,42.991,45540,2397299.0,19188.677130942186,2.57,,,
"Toledo, OH","Toledo, OH",44668.0,644.462,28786541.0,395.99,45780,34029973.0,52803.69207183667,0.8925000000000001,1.1175,-0.5664964,2.2091424
"Topeka, KS","Topeka, KS",43758.0,233.153,10202267.0,144.533,45820,9849673.0,42245.53404845745,0.51,1.02,-0.9388171,4.4381547
"Trenton-Princeton, NJ","Trenton, NJ",65877.0,368.602,24282260.0,283.989,45940,27815178.0,75461.27801802485,0.51,1.02,1.7536701,1.8817972
"Tucson, AZ","Tucson, AZ",42133.0,1027.502,43291870.0,518.656,46060,38636977.0,37602.82413075595,1.81,2.1,1.5173635,1.4191339
"Tulsa, OK","Tulsa, OK",51134.0,991.61,50705092.0,602.7,46140,51847954.0,52286.638900374135,1.2875,1.4000000000000001,-0.78415143,3.3535187
"Tuscaloosa, AL","Tuscaloosa, AL",36396.0,251.018,9135950.0,139.724,46220,9678717.0,38557.860392481816,1.2325,1.3425,,
"Tyler, TX","Tyler, TX",52034.0,227.46,11835720.0,149.94,46340,9904909.0,43545.71792842697,1.205,1.315,0.15592432,2.7040546
"Urban Honolulu, HI","Urban Honolulu, HI",57049.0,986.429,56274893.0,657.903,46520,59924134.0,60748.55260743551,2.1,2.57,,
"Utica-Rome, NY","Utica-Rome, NY",42790.0,292.336,12509125.0,156.06,46540,11789161.0,40327.43486946527,1.085,1.205,-0.732668,2.7906203
"Valdosta, GA","Valdosta, GA",34613.0,145.403,5032900.0,77.77,46660,4940605.0,33978.70057701698,1.525,1.6749999999999998,,
"Vallejo, CA","Vallejo-Fairfield, CA",48364.0,443.877,21467887.0,199.445,46700,22841474.0,51459.01679969901,2.57,,0.9641886,1.1440909
"Victoria, TX","Victoria, TX",43469.0,99.651,4331739.0,57.657,47020,4854105.0,48711.05156997922,1.205,1.315,,
"Vineland-Bridgeton, NJ","Vineland-Bridgeton, NJ",38630.0,151.748,5861990.0,75.53,47220,5954454.0,39239.09376070854,1.205,1.315,1.1887708,1.8503134
"Virginia Beach-Norfolk-Newport News, VA-NC","Virginia Beach-Norfolk-Newport News, VA-NC",48485.0,1761.305,85397443.0,1073.003,47260,87801252.0,49850.1122747054,2.0275,2.4524999999999997,0.11995864,0.8157288
"Visalia, CA","Visalia-Porterville, CA",39018.0,463.097,18069207.0,207.338,47300,17773212.0,38379.02642426964,1.63,1.81,0.45812285,1.9665818
"Waco, TX","Waco, TX",39182.0,268.55,10522336.0,160.448,47380,12297931.0,45793.82237944517,0.51,1.02,,
"Walla Walla, WA","Walla Walla, WA",44178.0,60.652,2679511.0,35.732,47460,2995360.0,49386.00540790081,1.4300000000000002,1.56,,
"Warner Robins, GA","Warner Robins, GA",40517.0,180.019,7293904.0,95.968,47580,6797329.0,37758.95322160439,1.7650000000000001,2.0275,,
"Washington-Arlington-Alexandria, DC-VA-MD-WV","Washington-Arlington-Alexandria, DC-VA-MD-WV",69298.0,6213.246,430564944.0,4360.516,47900,471918848.0,75953.67188101035,1.63,1.81,0.31053925,1.6058275
"Waterloo-Cedar Falls, IA","Waterloo-Cedar Falls, IA",43591.0,169.553,7390946.0,112.872,47940,8638962.0,50951.39572876918,1.145,1.26,-0.8396053,4.427537
"Watertown-Fort Drum, NY","Watertown-Fort Drum, NY",45476.0,113.063,5141615.0,67.316,48060,5929646.0,52445.50383414556,1.37,1.49,,
"Wausau-Weston, WI","Wausau, WI",47260.0,163.181,7711998.0,106.619,48140,8906420.0,54580.00625072772,0.51,1.02,0.18397494,2.7627184
"Weirton-Steubenville, WV-OH","Weirton-Steubenville, WV-OH",38472.0,118.181,4546694.0,49.592,48260,5618342.0,47540.14604716494,1.315,1.4300000000000002,-0.53316337,2.7437396
"Wenatchee, WA","Wenatchee, WA",48045.0,118.646,5700404.0,71.326,48300,5937499.0,50043.81942922644,1.685,1.9100000000000001,,
"Wheeling, WV-OH","Wheeling, WV-OH",45613.0,141.228,6441832.0,81.639,48540,11959848.0,84684.68009176651,0.51,1.02,-1.3376187,3.1188865
"Wichita, KS","Wichita, KS",48818.0,637.636,31128209.0,392.955,48620,31780917.0,49841.78590920212,1.205,1.315,-1.1872097,5.453317
"Wichita Falls, TX","Wichita Falls, TX",41395.0,151.18,6258027.0,91.032,48660,5923886.0,39184.323323190896,1.205,1.315,-0.58532643,3.8691676
"Williamsport, PA","Williamsport, PA",41587.0,113.93,4738005.0,68.199,48700,6569871.0,57665.85622750812,1.1775,1.2875,,
"Wilmington, NC","Wilmington, NC",41953.0,289.425,12142264.0,174.362,48900,12991240.0,44886.37816360024,1.81,2.1,,
"Winchester, VA-WV","Winchester, VA-WV",46303.0,138.107,6394742.0,81.881,49020,5809606.0,42065.97782878493,1.81,2.1,,
"Winston-Salem, NC","Winston-Salem, NC",43306.0,666.746,28874233.0,354.918,49180,29500651.0,44245.71126036002,1.4025,1.53,,
"Worcester, MA-CT","Worcester, MA-CT",53273.0,942.303,50199671.0,526.032,49340,44399035.0,47117.57789161235,1.6749999999999998,1.8825,,
"Yakima, WA","Yakima, WA",41868.0,250.377,10482682.0,132.774,49420,9618897.0,38417.65417750033,1.26,1.3725,,
"York-Hanover, PA","York-Hanover, PA",47835.0,445.722,21321290.0,238.102,49620,18301760.0,41060.93035569256,1.595,1.7650000000000001,1.1559123,1.9949545
"Youngstown-Warren-Boardman, OH-PA","Youngstown-Warren-Boardman, OH-PA",40496.0,541.875,21943522.0,284.723,49660,19799479.0,36538.83091118801,1.15,1.26,-0.29096842,2.5245693
"Yuba City, CA","Yuba City, CA",41270.0,173.213,7148530.0,71.585,49700,6313586.0,36449.83921530139,2.2175000000000002,2.57,0.20115004,2.6539721
"Yuma, AZ","Yuma, AZ",35049.0,209.756,7351746.0,88.348,49740,7783381.0,37106.83365434124,1.7925,2.0725,0.587611,2.5822918
